date,user_id,department_id,shift,category,severity,text,actions,date_resolved,status
7/27/2026,37f3118a-7132-47da-a008-c5b2976e1bff,44344ef9-2722-47ce-bc1c-3e9d224ca8ff,-,Staffing / Attendance,High,Juana out this week medical reasons,[],7/27/2026,Resolved
6/22/2026,3ef94c1d-6d70-4722-a667-33b08990b381,adcd82c2-ddbf-4189-841c-0221ab669922,-,Staffing / Attendance,High,3 people are absent in mark in for various reasons so I offered to stay and help mark in for at least 3 hours or as needed,[],6/22/2026,Resolved
5/3/2026,201912ce-f2b9-445a-8112-9f63229cd484,adcd82c2-ddbf-4189-841c-0221ab669922,-,Staffing / Attendance,High,"Zar contacted me to inform me that an order 26121-0573 had been changed to Rush for Monday. Since the order had been placed in the bin as usual, the garments were located and moved to the Rush bin.",[],5/3/2026,Resolved
4/28/2026,201912ce-f2b9-445a-8112-9f63229cd484,adcd82c2-ddbf-4189-841c-0221ab669922,-,Staffing / Attendance,Med,,[],4/28/2026,Resolved
4/14/2026,3ef94c1d-6d70-4722-a667-33b08990b381,eaa37ea2-ea7c-4e05-84b4-0551747ce3ce,-,Metalprogetti,Med,We need to change out a sensor on the bagger however there will be some rewiring involved that can complicate the change. We will have to wait until the day finishes early later this week so we do not impact assembly. ,[],4/14/2026,Resolved
4/10/2026,3ef94c1d-6d70-4722-a667-33b08990b381,9c151ba5-2bb4-466c-85ad-8e6bb90f05ea,-,Staffing / Attendance,Low,"Raquel left early for an appointment, notified us Wednesday ",[],4/10/2026,Resolved
4/1/2026,201912ce-f2b9-445a-8112-9f63229cd484,26d76d5a-952d-43ad-9bae-ab02ef0bee50,-,Staffing / Attendance,Low,Martina left early at 2 pm family emergency,[],4/1/2026,Resolved
3/30/2026,201912ce-f2b9-445a-8112-9f63229cd484,26d76d5a-952d-43ad-9bae-ab02ef0bee50,-,Staffing / Attendance,Low,Martina off jimmy came at 11 to cover her. ,[],3/30/2026,Resolved
3/30/2026,3ef94c1d-6d70-4722-a667-33b08990b381,b1d7e774-9b25-40ce-9a4e-59e6262315a2,-,Equipment / Maintenance,Med,Indy sent us a refill gal of Deprit 2 instead of a bottle. Emailed Katelyn,[],3/30/2026,Resolved
3/27/2026,3ef94c1d-6d70-4722-a667-33b08990b381,b6576035-2f2b-4f2f-82fa-bd7a057a608a,-,Process Deviation,High,Sara was still here working after she had clocked out for the day,[],3/27/2026,Resolved
3/27/2026,3ef94c1d-6d70-4722-a667-33b08990b381,a73dfbe3-1e93-4c2e-8a5d-0a9375d6c8b7,-,Staffing / Attendance,Med,"Karla called out today and FOH asked Karina to come in early, but did not notify Brandon or I. Edith also called out so it was only Isabel in the back while Brandon and I helped inspect and scan. Mericia is still training and not yet knowledgable in a lot of the process in the back. This caused a back up in Inspection and Assembly.",[],3/27/2026,Resolved
5/5/2026,7b9f0fa6-26fb-449b-9946-632d8c6a57a8,26d76d5a-952d-43ad-9bae-ab02ef0bee50,-,Staffing / Attendance,Low,"Today the girls checked a bag that had a delicate fabric curtain inside. I reviewed the Conru Art Foundation account, they only want the tablecloths as wash and fold.",[],5/5/2026,Resolved
9/4/2026,f9401f5c-11cd-4e00-ab74-92575d9cf6b2,a6ad3266-1504-4599-88a6-2f97a300d788,-,Equipment / Maintenance,High,"Today, while doing a load in Washer 1 at DC, I noticed that Cycle 6 only lasted 47 minutes, which was unusual. I decided to take the clothes out and transfer them to Washer 3 to dry them because of a chemical smell. This was all because the machine displayed the code “ANTI-FREEZE” and wouldn’t let me continue, so I had to turn it off.",[],9/4/2026,Resolved
7/28/2026,f9401f5c-11cd-4e00-ab74-92575d9cf6b2,a6ad3266-1504-4599-88a6-2f97a300d788,-,Equipment / Maintenance,High,"Today, around 9 p.m., I heard Mrs. María scream. When I went to see how she was, I realized that the rail on the steam tunnel had come off, so I immediately pressed the emergency button and cut off the power.",[],7/28/2026,Resolved
7/16/2026,f9401f5c-11cd-4e00-ab74-92575d9cf6b2,a6ad3266-1504-4599-88a6-2f97a300d788,-,Equipment / Maintenance,High,"Earlier today, at the start of the workday, Lizbeth came over to tell me that Washer #3 wasn't working properly. I got in touch with Brandon, Omar, and Dylan to try to fix it, but we weren't successful because the repair requires technical assistance. ",[],7/16/2026,Resolved
7/15/2026,f9401f5c-11cd-4e00-ab74-92575d9cf6b2,a6ad3266-1504-4599-88a6-2f97a300d788,-,Quality Control,Med,I've left a rack of damaged clothing from Armoire for inspection; it's across from Brandon's office.,[],7/15/2026,Resolved
7/15/2026,f9401f5c-11cd-4e00-ab74-92575d9cf6b2,a6ad3266-1504-4599-88a6-2f97a300d788,-,Safety / Risk,High,"Today Erika asked me if it would be possible for her to wear some kind of sandals tomorrow, Wednesday, because of a medical issue with her foot. I told her I would let her know by noon tomorrow. ",[],7/15/2026,Resolved
6/24/2026,f9401f5c-11cd-4e00-ab74-92575d9cf6b2,a6ad3266-1504-4599-88a6-2f97a300d788,-,Equipment / Maintenance,Med,"At the end of my shift, I saw the girls looking at the concrete repair they had done that day. When I went over to take a look, I noticed that one of them had stepped on the fresh concrete. I tried to see if I could fix it, but the concrete had already hardened. Today, Wednesday, I’ll talk to them to prevent these kinds of accidents, I’ll also notify Brandon, Dylan, and Omar.
",[],6/24/2026,Resolved
5/1/2026,3ef94c1d-6d70-4722-a667-33b08990b381,a6ad3266-1504-4599-88a6-2f97a300d788,-,Staffing / Attendance,Low,Josefina scheduled day off,[],5/1/2026,Resolved
4/13/2026,37f3118a-7132-47da-a008-c5b2976e1bff,a6ad3266-1504-4599-88a6-2f97a300d788,-,Process Deviation,Med,Fedex hasn't taken the pallets and boxes / Jonni reached out to armoire,[],4/13/2026,Resolved
4/1/2026,3ef94c1d-6d70-4722-a667-33b08990b381,a6ad3266-1504-4599-88a6-2f97a300d788,-,Staffing / Attendance,Med,Koko off today for an appointment.,[],4/1/2026,Resolved
2/23/2026,3ef94c1d-6d70-4722-a667-33b08990b381,a6ad3266-1504-4599-88a6-2f97a300d788,-,Equipment / Maintenance,Med,Armoire RFID tunnel not scanning items,[],2/23/2026,Resolved
6/2/2026,3ef94c1d-6d70-4722-a667-33b08990b381,adcd82c2-ddbf-4189-841c-0221ab669922,-,Equipment / Maintenance,Low,Cindy let me know that PPOH numbers were not populating for Abby and Karla. I saw they did not have PPOH asscoited under the Employee Master so I added this. Cindy will check tonight and let me know if this fixed the issue,[],6/2/2026,Resolved
3/10/2026,201912ce-f2b9-445a-8112-9f63229cd484,adcd82c2-ddbf-4189-841c-0221ab669922,-,Training & Skill Development,Med,I had a meeting with Karla ponce,[],3/10/2026,Resolved
3/10/2026,201912ce-f2b9-445a-8112-9f63229cd484,adcd82c2-ddbf-4189-841c-0221ab669922,-,Training & Skill Development,Med,I had a meeting with Mary Turcios.,[],3/10/2026,Resolved
4/13/2026,3ef94c1d-6d70-4722-a667-33b08990b381,c69e905b-76c4-435c-b456-94ea24a77db7,-,Process Deviation,Med,Rush orders for Astra Hotel guest were not detailed with Rush tags and had to run around to find them. One of the rush Sport coats was not tagged and had a missing button that did not make it too the seamstress before they left. Erika luckily knows how to do buttons and was able to get a new one sewn on but if tagged correctly it would have been done in time.,[],4/13/2026,Resolved
3/5/2026,3ef94c1d-6d70-4722-a667-33b08990b381,c69e905b-76c4-435c-b456-94ea24a77db7,-,Training & Skill Development,High,Kareli made a bad remark when I asked her to help at shirts,[],3/5/2026,Resolved
3/2/2026,201912ce-f2b9-445a-8112-9f63229cd484,c69e905b-76c4-435c-b456-94ea24a77db7,-,Training & Skill Development,Low,Folding training.,[],3/2/2026,Resolved
3/5/2026,3ef94c1d-6d70-4722-a667-33b08990b381,d334c2c1-d181-4c63-b481-07b69f89f4ea,-,Quality Control,Low,Updating Casino SOP ,[],3/5/2026,Resolved
4/13/2026,3ef94c1d-6d70-4722-a667-33b08990b381,b6576035-2f2b-4f2f-82fa-bd7a057a608a,-,Process Deviation,Med,Sara detailed a next day for Argosy cruise except all 5 jackets were detailed as jacket hoods instead of jackets. I went through and fixed them.,[],4/13/2026,Resolved
4/3/2026,38415b1a-3ed4-42ac-8fce-62f64525cdd7,b6576035-2f2b-4f2f-82fa-bd7a057a608a,-,Invenasset,Low,Please add Elizabeth Vivero to Invenasset elizabeth@helenascleaners.com,[],4/3/2026,Resolved
7/14/2026,3ef94c1d-6d70-4722-a667-33b08990b381,f3499f5a-92a0-4d9c-b532-68fa1301ed26,-,Quality Control,High,2 aprons straps were returned from the casino with solvent smell. They will need to be dried in the DC machine on program #16 to remove the solvent and odor,[],7/14/2026,Resolved
2/18/2026,3ef94c1d-6d70-4722-a667-33b08990b381,f3499f5a-92a0-4d9c-b532-68fa1301ed26,-,Process Deviation,Med,Couldn't locate Same Day order. After checking cameras found out Alex left with aprons  by the sheets,[],2/18/2026,Resolved
6/30/2026,37f3118a-7132-47da-a008-c5b2976e1bff,159bc2b7-001d-45d6-86e9-14819d337550,-,Equipment / Maintenance,High,"Add in invenasset, inspection of all production stations for cleanliness and organization.",[],6/30/2026,Resolved
3/4/2026,3ef94c1d-6d70-4722-a667-33b08990b381,159bc2b7-001d-45d6-86e9-14819d337550,-,Equipment / Maintenance,Med,Belt on Washer 2 is breaking.,[],3/4/2026,Resolved
3/4/2026,3ef94c1d-6d70-4722-a667-33b08990b381,159bc2b7-001d-45d6-86e9-14819d337550,-,Equipment / Maintenance,Med,Belt on Washer 2 is breaking.,[],3/4/2026,Resolved
4/13/2026,3ef94c1d-6d70-4722-a667-33b08990b381,9c151ba5-2bb4-466c-85ad-8e6bb90f05ea,-,Staffing / Attendance,Low,Nelly had to leave at 9:25 due to family emergency,[],4/13/2026,Resolved
2/18/2026,3ef94c1d-6d70-4722-a667-33b08990b381,9c151ba5-2bb4-466c-85ad-8e6bb90f05ea,-,Equipment / Maintenance,Med,Mericia brought to my attention 2 ripping connectors on the Chicago press,[],2/18/2026,Resolved
9/15/2026,f9401f5c-11cd-4e00-ab74-92575d9cf6b2,9f94c322-9196-4524-b4c9-90aaa19cc883,-,Communication,High,Today Graciela had to go home early because of a medical issue; Hermila stayed behind to finish a pending order and help Armoire ,[],9/15/2026,Resolved
9/15/2026,f9401f5c-11cd-4e00-ab74-92575d9cf6b2,9f94c322-9196-4524-b4c9-90aaa19cc883,-,Equipment / Maintenance,High,"The machine that irons the tablecloths broke down today, so Omar, Dylan, and Brandon called the technician to take a look at it.",[],9/15/2026,Resolved
8/11/2026,37f3118a-7132-47da-a008-c5b2976e1bff,061c940a-3dba-4654-98cc-1a83be88cc46,-,Staffing / Attendance,High,Edith time off,[],8/11/2026,Resolved
5/1/2026,3ef94c1d-6d70-4722-a667-33b08990b381,061c940a-3dba-4654-98cc-1a83be88cc46,-,Staffing / Attendance,Low,Edith Scheduled day off,[],5/1/2026,Resolved
5/4/2026,37f3118a-7132-47da-a008-c5b2976e1bff,a73dfbe3-1e93-4c2e-8a5d-0a9375d6c8b7,-,Staffing / Attendance,Low,Dylan called out. ,[],5/4/2026,Resolved
4/14/2026,3ef94c1d-6d70-4722-a667-33b08990b381,a73dfbe3-1e93-4c2e-8a5d-0a9375d6c8b7,-,Equipment / Maintenance,Med,"The NP 2 cameras are attached to the top Open Eye system, the box was turned off in the back so all David did to fix was turn it back on.  ",[],4/14/2026,Resolved
3/24/2026,3ef94c1d-6d70-4722-a667-33b08990b381,a73dfbe3-1e93-4c2e-8a5d-0a9375d6c8b7,-,Process Deviation,Med,"Cassie brought to my attention an issue with some orders Cindy is splitting where there is a note to never split, or she is splitting just the red bag which means the drivers are just taking a customers red bag and wasting a trip as well as confusing the customer as to where their items are.",[],3/24/2026,Resolved
3/24/2026,3ef94c1d-6d70-4722-a667-33b08990b381,a73dfbe3-1e93-4c2e-8a5d-0a9375d6c8b7,-,Quality Control,Med,"Wool comforter for Jules Gilman is a biohazard, Date specific order for tomorrow that is approved wet clean. ",[],3/24/2026,Resolved
3/10/2026,201912ce-f2b9-445a-8112-9f63229cd484,a73dfbe3-1e93-4c2e-8a5d-0a9375d6c8b7,-,Staffing / Attendance,Med,"talked to Luis, Juana Edith Maria Morfin about Smrt.",[],3/10/2026,Resolved
4/10/2026,38415b1a-3ed4-42ac-8fce-62f64525cdd7,517e3a81-f77e-418c-a35e-68952c49c8fd,-,Process Deviation,High,"There are multiple items in the boiler room that were placed there to dry that have been left for multuple days. Is there a racking location for these items? Is there a process for checking these items every day to see if theyre dry and ready to package? Examples of items left in there for multiple days as of 4/10 7am : 20687492 (originally due 4/9 now pushed to 4/13) 20745699 (received order ready notifixation 4/02, CSRs wouldnt know where it is if he was to come pick it up)",[],4/10/2026,Resolved
7/14/2026,3ef94c1d-6d70-4722-a667-33b08990b381,eaa37ea2-ea7c-4e05-84b4-0551747ce3ce,-,Equipment / Maintenance,Med,The bagger severly slowed down and was stopping and going. I also the screen was lagging behind. I tried to restart MAP and SMRT and that is when SMRT produced an update. After the update everything resume pace as normal and worked correctly,[],7/14/2026,Resolved
4/10/2026,37f3118a-7132-47da-a008-c5b2976e1bff,fea79e67-d025-4511-9fa3-4b88f68ffa55 ,-,Staffing / Attendance,Low,Nelly time off ,[],4/10/2026,Resolved
8/17/2026,37f3118a-7132-47da-a008-c5b2976e1bff,c8cace0d-524d-48a1-a2de-88e7e442663e,-,Staffing / Attendance,High,Karla No call no show ,[],8/17/2026,Resolved
3/5/2026,3ef94c1d-6d70-4722-a667-33b08990b381,38c2d13e-a2f2-40c9-ad6c-b8260cc2ec5a,-,Equipment / Maintenance,Low,Electrician installed the Converter but hasn't been able to hook into the main computer,[],3/5/2026,Resolved
3/1/2026,3ef94c1d-6d70-4722-a667-33b08990b381,38c2d13e-a2f2-40c9-ad6c-b8260cc2ec5a,-,Safety / Risk,High,The new mats we put under the waterguns seem to get more slippery when wet.,[],3/1/2026,Resolved
8/17/2026,37f3118a-7132-47da-a008-c5b2976e1bff,e53222f3-8a1c-470e-b15f-638ffba75785,-,Staffing / Attendance,High,liliana call out sick,[],8/17/2026,Resolved
2/18/2026,3ef94c1d-6d70-4722-a667-33b08990b381,e53222f3-8a1c-470e-b15f-638ffba75785,-,Quality Control,Med,Casino saying we are causing snags in items,[],2/18/2026,Resolved
8/30/2026,201912ce-f2b9-445a-8112-9f63229cd484,26d76d5a-952d-43ad-9bae-ab02ef0bee50,-,Equipment / Maintenance,High,"Washer #1 is stuck and won’t allow us to continue. We restarted it twice, but it’s still not working.",[],8/31/2026,Resolved
7/20/2026,37f3118a-7132-47da-a008-c5b2976e1bff,26d76d5a-952d-43ad-9bae-ab02ef0bee50,-,Equipment / Maintenance,Low,Key broke in a dryer lint screen ,[],7/21/2026,Resolved
6/16/2026,37f3118a-7132-47da-a008-c5b2976e1bff,26d76d5a-952d-43ad-9bae-ab02ef0bee50,-,Staffing / Attendance,High,MArtina morning WB attendant called out,[],6/17/2026,Resolved
6/16/2026,201912ce-f2b9-445a-8112-9f63229cd484,26d76d5a-952d-43ad-9bae-ab02ef0bee50,-,Equipment / Maintenance,High,"The girls mentioned that around 9:30 PM yesterday, the alarm was triggered and the lights turned off, even though no one touched or adjusted anything.",[],6/17/2026,Resolved
6/8/2026,201912ce-f2b9-445a-8112-9f63229cd484,26d76d5a-952d-43ad-9bae-ab02ef0bee50,-,Staffing / Attendance,Med,"I spoke with the WB team, morning afternoon and nigth shifts  about the new employee handbook. The main topics discussed were sick time, tardiness, and attendance. I asked everyone to read and sign the handbook no later than tomorrow.",[],6/9/2026,Resolved
6/3/2026,3ef94c1d-6d70-4722-a667-33b08990b381,26d76d5a-952d-43ad-9bae-ab02ef0bee50,-,Equipment / Maintenance,Med,"Dryer 21 lint screen has the lint sticking to most of the screen and can't be easily removed, not sure if we can clean with some kind of soaking or solvents or if we need to purchase new lint screens ",[],6/4/2026,Resolved
5/28/2026,201912ce-f2b9-445a-8112-9f63229cd484,26d76d5a-952d-43ad-9bae-ab02ef0bee50,-,Staffing / Attendance,Low,adriana called out ,[],5/29/2026,Resolved
5/28/2026,201912ce-f2b9-445a-8112-9f63229cd484,26d76d5a-952d-43ad-9bae-ab02ef0bee50,-,Staffing / Attendance,Med,Jimmy cubrira parte del turno debido a que adriana vendra.,[],5/29/2026,Resolved
5/20/2026,201912ce-f2b9-445a-8112-9f63229cd484,26d76d5a-952d-43ad-9bae-ab02ef0bee50,-,Staffing / Attendance,High,I spoke with Jimmy. We had a conversation about checking the garments that will be processed in Wash & Fold and separating the items that appear to be more delicate,[],5/21/2026,Resolved
5/19/2026,201912ce-f2b9-445a-8112-9f63229cd484,26d76d5a-952d-43ad-9bae-ab02ef0bee50,-,Staffing / Attendance,Med,I showed the Washbox ladies an example of the tickets and explained that the orders that are currently on route should be returned separately to Helena’s.,[],5/20/2026,Resolved
5/13/2026,3ef94c1d-6d70-4722-a667-33b08990b381,26d76d5a-952d-43ad-9bae-ab02ef0bee50,-,Customer / Account Impact,Med,Sara came to me saying customer Deepali Aneja says they recieved items in their W&F that wasn't theirs. I reviewed camera footage and found no process deiviations or mixing of any orders. Not sure what the customer is saying is not theirs but let Sara know so we can follow up with the customer.,[],5/14/2026,Resolved
5/12/2026,201912ce-f2b9-445a-8112-9f63229cd484,26d76d5a-952d-43ad-9bae-ab02ef0bee50,-,Staffing / Attendance,Med,I spoke with the WB team regarding Memorial Day. All of them would like to take Sunday and Monday off. They understand that there will likely be a large amount of WDF to process on Tuesday because of the holiday.,[],5/13/2026,Resolved
5/5/2026,37f3118a-7132-47da-a008-c5b2976e1bff,26d76d5a-952d-43ad-9bae-ab02ef0bee50,-,Equipment / Maintenance,High,"Spider wash kiosk not working, they are trying to replicate the issue and are going to call me tomorrow, I told them it was urgent that we can't be without them for our customers ",[],5/6/2026,Resolved
4/29/2026,3ef94c1d-6d70-4722-a667-33b08990b381,26d76d5a-952d-43ad-9bae-ab02ef0bee50,-,Equipment / Maintenance,Med,Changed out the Kiosk readers and packaged the old ones to be shippde out. Left with Serafin to take them to UPS or FedEx,[],4/30/2026,Resolved
4/20/2026,201912ce-f2b9-445a-8112-9f63229cd484,26d76d5a-952d-43ad-9bae-ab02ef0bee50,-,Staffing / Attendance,Med,"Following up on last week’s discussion, the team mentioned that the washer traps were clean; the only issue was the toilet bowl, which they found a bit dirty yesterday.",[],4/21/2026,Resolved
4/15/2026,3ef94c1d-6d70-4722-a667-33b08990b381,26d76d5a-952d-43ad-9bae-ab02ef0bee50,-,Communication,Med,Martina asked me about when the soccer uniforms were coming and I realized we did not inform her about the end of the account. We should have relayed this info to her in our group chat. ,[],4/16/2026,Resolved
4/13/2026,38415b1a-3ed4-42ac-8fce-62f64525cdd7,26d76d5a-952d-43ad-9bae-ab02ef0bee50,-,Equipment / Maintenance,Med,"From Vince: washer number 4 keeps taking loads and spinning them without stopping or washing. It also has no breaker to turn it off individually, to turn off washer 4 all of them need to be turned off",[],4/14/2026,Resolved
4/13/2026,201912ce-f2b9-445a-8112-9f63229cd484,26d76d5a-952d-43ad-9bae-ab02ef0bee50,-,Staffing / Attendance,Low,"I had a meeting with the Washbox team, where we discussed important topics such as placing found items in the designated Helena’s basket. They also requested anti-fatigue mats to rest their feet while standing, and a basket to hold more than two water jugs.",[],4/14/2026,Resolved
4/9/2026,201912ce-f2b9-445a-8112-9f63229cd484,26d76d5a-952d-43ad-9bae-ab02ef0bee50,-,Equipment / Maintenance,Med,"While I was in Washbox, Jimmy told me the computer had no internet. I tried connecting to the “Washbox Private” network but couldn’t access it. I also tried the “Washbox Employee” network, but that didn’t work either. I contacted Jonni to ask for the password, but the one provided didn’t work. I then called Dylan to see if he remembered the password, but he didn’t recall it either.",[],4/10/2026,Resolved
4/9/2026,201912ce-f2b9-445a-8112-9f63229cd484,26d76d5a-952d-43ad-9bae-ab02ef0bee50,-,Equipment / Maintenance,Med,"Jimmy reached out to inform me that washer number 4 got stuck with clothes inside. I went to check, and it was indeed stuck, so we had to reset it. We tried running a spin and rinse cycle, but it remained stuck. I instructed him to place an “Out of Order” sign on the machine.",[],4/10/2026,Resolved
4/1/2026,3ef94c1d-6d70-4722-a667-33b08990b381,26d76d5a-952d-43ad-9bae-ab02ef0bee50,-,Staffing / Attendance,Med,Jimmy Called out for his shift,[],4/2/2026,Resolved
3/31/2026,201912ce-f2b9-445a-8112-9f63229cd484,26d76d5a-952d-43ad-9bae-ab02ef0bee50,-,Staffing / Attendance,Med,Jimmy wasn’t feeling well and asked to leave early due to a headache.,[],4/1/2026,Resolved
3/31/2026,201912ce-f2b9-445a-8112-9f63229cd484,26d76d5a-952d-43ad-9bae-ab02ef0bee50,-,Staffing / Attendance,Med,"Jimmy brought something to my attention: a new customer came into Washbox to drop off a Wash & Fold order. He proceeded to create the ticket and set up the new customer profile.

While processing the order, he noticed there were wool sweaters and a blazer included, so he reached out to Production. He was instructed to leave the order outside Brandon’s office so we can contact the customer tomorrow and explain the proper processing options.",[],4/1/2026,Resolved
3/30/2026,201912ce-f2b9-445a-8112-9f63229cd484,26d76d5a-952d-43ad-9bae-ab02ef0bee50,-,Training & Skill Development,Low,show jimmy how can clean the conforter and told him to reorganizat the back ,[],3/31/2026,Resolved
3/30/2026,201912ce-f2b9-445a-8112-9f63229cd484,26d76d5a-952d-43ad-9bae-ab02ef0bee50,-,Equipment / Maintenance,Med,"jimmy called me to told me that customer said she got 6 charges by $5 each one, that i told him to send messenger by smrt to jonni. ",[],3/31/2026,Resolved
3/23/2026,201912ce-f2b9-445a-8112-9f63229cd484,26d76d5a-952d-43ad-9bae-ab02ef0bee50,-,Training & Skill Development,Low,"I spoke with Martina and Jimmy about organizing the Washbox storage area. I mentioned that it would be helpful to find an additional way to arrange things so it looks more organized, and asked them to let me know by Wednesday what they need so I can support them in getting everything properly set up. I also noticed that the WDF team has labels with the measurements for comforter bags, which I really liked—it definitely helps make things look more organized.",[],3/24/2026,Resolved
3/17/2026,201912ce-f2b9-445a-8112-9f63229cd484,26d76d5a-952d-43ad-9bae-ab02ef0bee50,-,Safety / Risk,Low,meeting witg washbox ladies ,[],3/18/2026,Resolved
3/10/2026,201912ce-f2b9-445a-8112-9f63229cd484,26d76d5a-952d-43ad-9bae-ab02ef0bee50,-,Staffing / Attendance,Low,noemi called out,[],3/11/2026,Resolved
3/9/2026,201912ce-f2b9-445a-8112-9f63229cd484,26d76d5a-952d-43ad-9bae-ab02ef0bee50,-,Staffing / Attendance,Low,Jimmy Call Out,[],3/10/2026,Resolved
3/2/2026,201912ce-f2b9-445a-8112-9f63229cd484,26d76d5a-952d-43ad-9bae-ab02ef0bee50,-,Equipment / Maintenance,Med,Washbox washer number 1,[],3/3/2026,Resolved
8/10/2026,f9401f5c-11cd-4e00-ab74-92575d9cf6b2,a6ad3266-1504-4599-88a6-2f97a300d788,-,Staffing / Attendance,High,Today I spoke with Liliana to ask if she could come in at 1 p.m. to cover for KOKO in opening bags while she's away. Liliana will start tomorrow..,[],8/11/2026,Resolved
8/10/2026,f9401f5c-11cd-4e00-ab74-92575d9cf6b2,a6ad3266-1504-4599-88a6-2f97a300d788,-,Staffing / Attendance,High,Liliana left early due to health issues,[],8/11/2026,Resolved
7/31/2026,3ef94c1d-6d70-4722-a667-33b08990b381,a6ad3266-1504-4599-88a6-2f97a300d788,-,Staffing / Attendance,Med,Koko called out again,[],8/1/2026,Resolved
7/20/2026,3ef94c1d-6d70-4722-a667-33b08990b381,a6ad3266-1504-4599-88a6-2f97a300d788,-,Staffing / Attendance,Low,Koko texted 2 minutes beofre her shift that she would be 5 minutes late,[],7/21/2026,Resolved
7/17/2026,f9401f5c-11cd-4e00-ab74-92575d9cf6b2,a6ad3266-1504-4599-88a6-2f97a300d788,-,Equipment / Maintenance,High,"Today, Washing Machine 3 displayed error code 500 again, so we had to turn it off. Also, while we were doing laundry, Mrs. María told me that Washing Machine 6 was having the same problem; when I went to check it, I noticed that it was displaying error code 25. I let Brandon, Omar, and Dylan know.",[],7/18/2026,Resolved
7/9/2026,3ef94c1d-6d70-4722-a667-33b08990b381,a6ad3266-1504-4599-88a6-2f97a300d788,-,Staffing / Attendance,Low,Koko day off,[],7/10/2026,Resolved
7/7/2026,f9401f5c-11cd-4e00-ab74-92575d9cf6b2,a6ad3266-1504-4599-88a6-2f97a300d788,-,Communication,Low,María had to leave before the scheduled departure time for medical reasons.,[],7/8/2026,Resolved
6/22/2026,3ef94c1d-6d70-4722-a667-33b08990b381,a6ad3266-1504-4599-88a6-2f97a300d788,-,Process Deviation,Med,Josefina's son came to drop off starbucks for her and came inside the store with her. Josefina was showing him a little bit about what she does but then he grabbed a pair of white jeans and started handling them. That is when I said something and let him know he couldn't touch the garments. Brandon came in shortly after and I explained to him what happened. Carlos and Brandon will talk to her about how it is ok to take pride in your work and want to show what you do to your family hpwever they just aren't allowed to touch the items for liabilty and quality purposes,[],6/23/2026,Resolved
6/9/2026,201912ce-f2b9-445a-8112-9f63229cd484,a6ad3266-1504-4599-88a6-2f97a300d788,-,Staffing / Attendance,Med,Koko mentioned that she has an appoiment and she will late she doesnt mention a what time that she will be here.,[],6/10/2026,Resolved
6/4/2026,f9401f5c-11cd-4e00-ab74-92575d9cf6b2,a6ad3266-1504-4599-88a6-2f97a300d788,-,Volume / Forecasting,High,"When I arrived at Helena’s today, I noticed that the drivers had brought very few hangers and that they were all plastic, so we were going to be short on velvet hangers and trouser hangers. I contacted Brandon to see if any of the drivers could bring more, but it was already too late. I told the girls at Armoire that they wouldn’t be hanging pants today and that they should use our Helena’s hangers for the sweaters. I also sent a message to the Armoire Hangers group asking them to supply us with more and to keep sharing photos of the hangers they bring so we can make sure the quantities are sufficient.
",[],6/5/2026,Resolved
6/4/2026,f9401f5c-11cd-4e00-ab74-92575d9cf6b2,a6ad3266-1504-4599-88a6-2f97a300d788,-,Equipment / Maintenance,High,"Today, while I was checking the dry-cleaning machines, I noticed that Machine 2 was out of oil and that Machine 1 was already half empty. I told Brandon, and he’ll take care of it tomorrow.",[],6/5/2026,Resolved
5/27/2026,f9401f5c-11cd-4e00-ab74-92575d9cf6b2,a6ad3266-1504-4599-88a6-2f97a300d788,-,Equipment / Maintenance,Med,"Today, while draining the water from the back of dry-cleaning machine #3, I noticed that the hose is broken and water is leaking out when I turn on the faucet. I've let Brandon know so he can follow up on it. ",[],5/28/2026,Resolved
5/26/2026,37f3118a-7132-47da-a008-c5b2976e1bff,a6ad3266-1504-4599-88a6-2f97a300d788,-,Staffing / Attendance,Med,Koko called out.,[],5/27/2026,Resolved
5/20/2026,3ef94c1d-6d70-4722-a667-33b08990b381,a6ad3266-1504-4599-88a6-2f97a300d788,-,Process Deviation,Med,Talked with Carlos about the time difference from the Armoire report vs the employees physical papers. He said that they hadn't put the time down whe he came to collect and so they wrote the time they could think of but he double checked and corrected in the excel report. I let him know that he needs to really push on them the importance of the accuracy of their times and how it can affect their PPOH and performance. Also that if they are not filling out the papers correctly  then he needs to let us know so we can talk with them as nessicary as it is part of their job role.,[],5/21/2026,Resolved
5/19/2026,f9401f5c-11cd-4e00-ab74-92575d9cf6b2,a6ad3266-1504-4599-88a6-2f97a300d788,-,Quality Control,Low,"Today I assigned the Armoire team a specific number of damaged items, showed them how to properly fill out the labels provided by Armoire, and helped them fill out their labels. ",[],5/20/2026,Resolved
5/18/2026,37f3118a-7132-47da-a008-c5b2976e1bff,a6ad3266-1504-4599-88a6-2f97a300d788,-,Communication,High,"I wen't over some points with Carlos about Armoire: -Hanging, 500 pieces today and tomorrow to leave and not send to armoire for QC, use of fedex boxes instead of bins for clean clothes, Damage rails, Staffing breaks.",[],5/19/2026,Resolved
5/14/2026,3ef94c1d-6d70-4722-a667-33b08990b381,a6ad3266-1504-4599-88a6-2f97a300d788,-,Quality Control,High,An Armoire load had a pen left in this morning while we cleaned. I showed the whole bin to Carlos and let himknow how important their jobs are to be double checking pockets. He gathered the team up to let them know and then he and Elena sorted the pieces to find all the ink stains and left outside brandon's door,[],5/15/2026,Resolved
5/14/2026,f9401f5c-11cd-4e00-ab74-92575d9cf6b2,a6ad3266-1504-4599-88a6-2f97a300d788,-,Training & Skill Development,High,"Today Dylan told me he found a pen in a piece of clothing at Armoire. I gathered all the girls together and emphasized how important it is to check all types of clothing. I explained how to care for lightweight garments, coats, and jackets that have many pockets. I also took some time to put up a few visual aids to help them remember key points like sorting, washing, and the importance of checking pockets before sorting. ",[],5/15/2026,Resolved
5/13/2026,f9401f5c-11cd-4e00-ab74-92575d9cf6b2,a6ad3266-1504-4599-88a6-2f97a300d788,-,Training & Skill Development,Low,"Today, since I had the chance to gather the entire Armoire team, I called a meeting to establish quality standards. I once again emphasized the importance of taking care of the garments when hanging them. I also mentioned how important it is for us to increase the number of garments we hang, in line with our new goals, and I reminded everyone of the importance of starting to establish an autonomous department. Next week I’ll have another meeting to review progress with the new team members (Helena and Yulie). ",[],5/14/2026,Resolved
5/11/2026,3ef94c1d-6d70-4722-a667-33b08990b381,a6ad3266-1504-4599-88a6-2f97a300d788,-,Training & Skill Development,Med,Created a training checklist for Armoire staff so they can have guided trainging and ensure they are taught every part of the job and know the expectation,[],5/12/2026,Resolved
5/6/2026,f9401f5c-11cd-4e00-ab74-92575d9cf6b2,a6ad3266-1504-4599-88a6-2f97a300d788,-,Staffing / Attendance,Med,"Today, the morning crew hung quite a few items of clothing from Armoire, which helped us make more progress toward our goal for items hung. Given the progress we’ve made, I asked Liliana to leave an hour early so she can help us meet our demand on Friday. ",[],5/7/2026,Resolved
5/5/2026,f9401f5c-11cd-4e00-ab74-92575d9cf6b2,a6ad3266-1504-4599-88a6-2f97a300d788,-,Staffing / Attendance,Med,"Today I had a meeting with the girls from Armoire. We discussed the pros and cons of sorting and washing clothes in water, and we identified improvements that could be useful and that we can implement. I also reminded them about cell phone use and the breaks they should take. Next week I’ll follow up with them on what we discussed. ",[],5/6/2026,Resolved
5/5/2026,f9401f5c-11cd-4e00-ab74-92575d9cf6b2,a6ad3266-1504-4599-88a6-2f97a300d788,-,Quality Control,High,"Hoy se han tendido 2.247 prendas; esta es la tercera semana de la fase de prueba del proceso de inspección de Armoire. Esta actividad nos ha dejado una montaña de ropa para lavar y tender, ya que nuestra plantilla actual no puede satisfacer por completo la demanda. Hablaré con Brandon esta mañana para ver si el equipo de la mañana puede echarnos una mano para ponernos al día antes de que termine la semana. ",[],5/6/2026,Resolved
5/5/2026,37f3118a-7132-47da-a008-c5b2976e1bff,a6ad3266-1504-4599-88a6-2f97a300d788,-,Staffing / Attendance,Low,Koko Called out ,[],5/6/2026,Resolved
4/27/2026,3ef94c1d-6d70-4722-a667-33b08990b381,a6ad3266-1504-4599-88a6-2f97a300d788,-,Equipment / Maintenance,Low,Someone moved the canopies in the back. They were moved too close to the container so the door wouldn't open all the way without rubbing against the canopy. Omar and I moved it back but unsure who had moved this?,[],4/28/2026,Resolved
4/14/2026,f9401f5c-11cd-4e00-ab74-92575d9cf6b2,a6ad3266-1504-4599-88a6-2f97a300d788,-,Training & Skill Development,Low,"Together with Omar, we held the weekly meeting with the Armoire team. We discussed communication issues , adding inspection, and overall perfomance for last week.",[],4/15/2026,Resolved
4/7/2026,3ef94c1d-6d70-4722-a667-33b08990b381,a6ad3266-1504-4599-88a6-2f97a300d788,-,Staffing / Attendance,Med,"Genesis No called no show, Brandon called her and she said she was in the hospital and is done working now to prepare.",[],4/8/2026,Resolved
4/7/2026,37f3118a-7132-47da-a008-c5b2976e1bff,a6ad3266-1504-4599-88a6-2f97a300d788,-,Staffing / Attendance,Low,Koko called out ,[],4/8/2026,Resolved
4/1/2026,201912ce-f2b9-445a-8112-9f63229cd484,a6ad3266-1504-4599-88a6-2f97a300d788,-,Staffing / Attendance,Low,Genesis left early she doesnt feel well ,[],4/2/2026,Resolved
3/15/2026,3ef94c1d-6d70-4722-a667-33b08990b381,a6ad3266-1504-4599-88a6-2f97a300d788,-,Equipment / Maintenance,Med,Snow caused the canopy's in the back to break due to the extra weight,[],3/16/2026,Resolved
3/15/2026,3ef94c1d-6d70-4722-a667-33b08990b381,a6ad3266-1504-4599-88a6-2f97a300d788,-,Equipment / Maintenance,Med,The power went out around 8:40.,[],3/16/2026,Resolved
3/13/2026,3ef94c1d-6d70-4722-a667-33b08990b381,a6ad3266-1504-4599-88a6-2f97a300d788,-,Quality Control,Med,"Found a pair of pants with an attached chain broken in the DC unit. Not sure if a belt to the pants or customer left it on and sorting tema missed it. But either way it should have either been removed, net bagged or brought to a lead to see before cleaning ",[],3/14/2026,Resolved
3/11/2026,201912ce-f2b9-445a-8112-9f63229cd484,a6ad3266-1504-4599-88a6-2f97a300d788,-,Staffing / Attendance,Med,Meeting with the Armoire team.,[],3/12/2026,Resolved
3/11/2026,201912ce-f2b9-445a-8112-9f63229cd484,a6ad3266-1504-4599-88a6-2f97a300d788,-,Staffing / Attendance,Low,genesis out today,[],3/12/2026,Resolved
3/8/2026,3ef94c1d-6d70-4722-a667-33b08990b381,a6ad3266-1504-4599-88a6-2f97a300d788,-,Equipment / Maintenance,Med,Armoire Laptop is not scanning items at the RFID tunnel,[],3/9/2026,Resolved
3/2/2026,201912ce-f2b9-445a-8112-9f63229cd484,a6ad3266-1504-4599-88a6-2f97a300d788,-,Staffing / Attendance,Low,Carlos Trejo call he will be late,[],3/3/2026,Resolved
3/2/2026,201912ce-f2b9-445a-8112-9f63229cd484,a6ad3266-1504-4599-88a6-2f97a300d788,-,Staffing / Attendance,Low,lizbeth call out,[],3/3/2026,Resolved
3/2/2026,3ef94c1d-6d70-4722-a667-33b08990b381,a6ad3266-1504-4599-88a6-2f97a300d788,-,Staffing / Attendance,Low,Koko left her shift early due to some circumstance with her son,[],3/3/2026,Resolved
2/18/2026,201912ce-f2b9-445a-8112-9f63229cd484,a6ad3266-1504-4599-88a6-2f97a300d788,-,Staffing / Attendance,Med,informed Carlos that he will be in charge of managing the night team’s hours and Keep an eye on what they are doing.,[],2/19/2026,Resolved
8/3/2026,7b9f0fa6-26fb-449b-9946-632d8c6a57a8,adcd82c2-ddbf-4189-841c-0221ab669922,-,Staffing / Attendance,Med,One thing to note is that Abby was detailing from approximately 6:00 a.m. to 10:20 a.m. using Karla's SMRT account because she didn't realize Karla had not logged out of her session.,[],8/4/2026,Resolved
7/16/2026,7b9f0fa6-26fb-449b-9946-632d8c6a57a8,adcd82c2-ddbf-4189-841c-0221ab669922,-,Staffing / Attendance,Med,"At around 9:30, Katie came to me and said she wasn't feeling well and asked if she could step outside. Karla went out with her to accompany her, and then I went out as well to check on how she was feeling.",[],7/17/2026,Resolved
7/13/2026,7b9f0fa6-26fb-449b-9946-632d8c6a57a8,adcd82c2-ddbf-4189-841c-0221ab669922,-,Equipment / Maintenance,Low,The Teflon on the second hot seal is damaged.,[],7/14/2026,Resolved
7/6/2026,7b9f0fa6-26fb-449b-9946-632d8c6a57a8,adcd82c2-ddbf-4189-841c-0221ab669922,-,Equipment / Maintenance,Med,"first camera, is not working. It displayed an error whit smrt",[],7/7/2026,Resolved
7/1/2026,201912ce-f2b9-445a-8112-9f63229cd484,adcd82c2-ddbf-4189-841c-0221ab669922,-,Staffing / Attendance,High,"A driver approached me and delivered two wedding dresses for Turkan Najar Forelsket. One of the dresses requires a repair. He told me there was a note in his system instructing him to deliver it to me. Since I didn't have any information about it, I asked Cindy to please tag the dress and leave it in Brandon's office. It appears the customer needs it by tomorrow.",[],7/2/2026,Resolved
6/23/2026,3ef94c1d-6d70-4722-a667-33b08990b381,adcd82c2-ddbf-4189-841c-0221ab669922,-,Process Deviation,High,While we were covering mark in last night we all forgot about the NP store bags and we did not detail a rush order for Jon Matson. We did not realize this error until the customer came to pick up the order at 4 pm and it wasn't detailed. I detailed and getting out ASAP. I comped the order and removed rush charge as well. Don't know who is usaully responsible for grabbing the NP bags but may need to have it be a rotating schedule as Katie and Karla both forgot as well. Also not sure who is supposed to check open tickets in the morning for any missing detailed or rush orders,[],6/24/2026,Resolved
6/23/2026,3ef94c1d-6d70-4722-a667-33b08990b381,adcd82c2-ddbf-4189-841c-0221ab669922,-,Volume / Forecasting,Med,Liz and I stayed to help mark in ,[],6/24/2026,Resolved
6/21/2026,201912ce-f2b9-445a-8112-9f63229cd484,adcd82c2-ddbf-4189-841c-0221ab669922,-,Staffing / Attendance,High,"I noticed that the Hotel InterContinental order had not been marked in by the Mark In team until this afternoon. I washed the items and left them ready so they can be pressed first thing tomorrow morning.

I informed the morning staff about the situation and asked them to prioritize this order as their first task of the day to ensure it is completed on time.",[],6/22/2026,Resolved
6/2/2026,7b9f0fa6-26fb-449b-9946-632d8c6a57a8,adcd82c2-ddbf-4189-841c-0221ab669922,-,Equipment / Maintenance,Low,Karla's and Abby's PPOHs are still showing up.,[],6/3/2026,Resolved
6/1/2026,7b9f0fa6-26fb-449b-9946-632d8c6a57a8,adcd82c2-ddbf-4189-841c-0221ab669922,-,Staffing / Attendance,Med,"While checking the heat seals, I noticed that the Teflon on machine #1 is dirty on the top.",[],6/2/2026,Resolved
5/18/2026,7b9f0fa6-26fb-449b-9946-632d8c6a57a8,adcd82c2-ddbf-4189-841c-0221ab669922,-,Training & Skill Development,Med,"Today, around 7:23 PM, I spoke with Karla about the importance of counting the pieces and making sure to properly detail the garments, since she failed to note a customer’s sport coat.",[],5/19/2026,Resolved
5/18/2026,7b9f0fa6-26fb-449b-9946-632d8c6a57a8,adcd82c2-ddbf-4189-841c-0221ab669922,-,Staffing / Attendance,Med,"Around 11:52 PM, Katie told me she needed to step outside for some air because she wasn’t feeling well. She said it felt like she was having an anxiety attack. She went out for a moment, and I checked on her to see how she was feeling. She told me she thought it would be better for her to go home because she didn’t feel well enough to continue working. She left at 12:06 AM.",[],5/19/2026,Resolved
5/18/2026,7b9f0fa6-26fb-449b-9946-632d8c6a57a8,adcd82c2-ddbf-4189-841c-0221ab669922,-,Equipment / Maintenance,Med,Hot Seal 2 is opening very slowly.,[],5/19/2026,Resolved
5/15/2026,41c1fe40-34fb-40da-985a-dd4318f47c74,adcd82c2-ddbf-4189-841c-0221ab669922,-,Staffing / Attendance,High,"In the morning, the assembly staff notified us that there was an order marked as rush, but they forgot to place the special tag on it, which made it very difficult to find the pieces. the order name is Steven Sanchez.",[],5/16/2026,Resolved
5/12/2026,7b9f0fa6-26fb-449b-9946-632d8c6a57a8,adcd82c2-ddbf-4189-841c-0221ab669922,-,Staffing / Attendance,Med,"Today, Mericia spoke with me about the importance of checking that the barcodes are attached correctly and properly placed, since there is a large number of garments without barcodes . I had a meeting with the mark in team and emphasized the importance of processing everything correctly.",[],5/13/2026,Resolved
5/12/2026,41c1fe40-34fb-40da-985a-dd4318f47c74,adcd82c2-ddbf-4189-841c-0221ab669922,-,Staffing / Attendance,Med,"At the end of the day, while checking the no-barcode items, I noticed that a sweater was still on the hook. When I tried to review the photo, I realized that the picture had been taken of the bag instead of the sweater. Because of this, I went to Cindy to show her and explain the importance of taking the photos correctly, since this helps us when trying to match the garments.",[],5/13/2026,Resolved
5/11/2026,37f3118a-7132-47da-a008-c5b2976e1bff,adcd82c2-ddbf-4189-841c-0221ab669922,-,Process Deviation,Med,"I followed up this morning with Sean, about Sandra not checking Casino's buttons or pockets when mark-in, in the morning I noticed it wasn't getting done again. ",[],5/12/2026,Resolved
5/6/2026,3ef94c1d-6d70-4722-a667-33b08990b381,adcd82c2-ddbf-4189-841c-0221ab669922,-,Training & Skill Development,Med,Taught Cindy how to check the hotseals and mark completed in Invenasset. She will try Monday by herself,[],5/7/2026,Resolved
4/7/2026,7b9f0fa6-26fb-449b-9946-632d8c6a57a8,adcd82c2-ddbf-4189-841c-0221ab669922,-,Staffing / Attendance,Low,Doricela left at 10 PM because she wasn’t feeling well.,[],4/8/2026,Resolved
3/30/2026,7b9f0fa6-26fb-449b-9946-632d8c6a57a8,adcd82c2-ddbf-4189-841c-0221ab669922,-,Equipment / Maintenance,Med,"I noticed that the hangers in front of the wedding dresses are taking up space that we need to hang the dresses, and they could even damage a dress in that area. I think it would be better to move either the dresses or the hangers to a different area.",[],3/31/2026,Resolved
3/13/2026,3ef94c1d-6d70-4722-a667-33b08990b381,adcd82c2-ddbf-4189-841c-0221ab669922,-,Process Deviation,High,Found 2 pillowcases at the bottom of the WDF bin. ,[],3/14/2026,Resolved
3/12/2026,7b9f0fa6-26fb-449b-9946-632d8c6a57a8,adcd82c2-ddbf-4189-841c-0221ab669922,-,Staffing / Attendance,Low,Doris left at 10:01.,[],3/13/2026,Resolved
3/12/2026,3ef94c1d-6d70-4722-a667-33b08990b381,adcd82c2-ddbf-4189-841c-0221ab669922,-,Process Deviation,Med,Several misdetailed casino items,[],3/13/2026,Resolved
3/12/2026,3ef94c1d-6d70-4722-a667-33b08990b381,adcd82c2-ddbf-4189-841c-0221ab669922,-,Process Deviation,Low,EQC had a jacket detailed as a sport coat,[],3/13/2026,Resolved
3/12/2026,3ef94c1d-6d70-4722-a667-33b08990b381,adcd82c2-ddbf-4189-841c-0221ab669922,-,Process Deviation,Med,Several similar green covers marked as Miscellenous ,[],3/13/2026,Resolved
3/9/2026,7b9f0fa6-26fb-449b-9946-632d8c6a57a8,adcd82c2-ddbf-4189-841c-0221ab669922,-,Staffing / Attendance,Low,Mary T call out ,[],3/10/2026,Resolved
2/18/2026,3ef94c1d-6d70-4722-a667-33b08990b381,adcd82c2-ddbf-4189-841c-0221ab669922,-,Customer / Account Impact,Med,Order for Saturday Rush not yet dropped off at LQA or brought down to NP,[],2/19/2026,Resolved
2/18/2026,201912ce-f2b9-445a-8112-9f63229cd484,adcd82c2-ddbf-4189-841c-0221ab669922,-,Safety / Risk,Med,Set the alarm before leaving,[],2/19/2026,Resolved
6/3/2026,3ef94c1d-6d70-4722-a667-33b08990b381,58c22525-e091-4d3d-8470-311ea75fa7a2,-,Quality Control,Med,"Dennis Markham, returned a Alt only dress that we took in the body and shoulders however the flower pattern around the shoulder and body was stitched down when it shouldn't have been and doesn't match the rest of the flower decorations on the garment",[],6/4/2026,Resolved
5/27/2026,38415b1a-3ed4-42ac-8fce-62f64525cdd7,c69e905b-76c4-435c-b456-94ea24a77db7,-,Staffing / Attendance,Low,Mericia is only taking 1 break per 8 hour shift instead of 2,[],5/28/2026,Resolved
5/27/2026,201912ce-f2b9-445a-8112-9f63229cd484,c69e905b-76c4-435c-b456-94ea24a77db7,-,Metalprogetti,High,"Starting around 6 PM, the garments that were already bagged were no longer being sent into the conveyor system and were instead being redirected through the arm. However, the arm was not properly adjusted, which caused several garments to fall. Karina contacted Jonni, and apparently the issue happened because the conveyor was too full, so the system detected the overload and automatically redirected the garments through the arm instead.",[],5/28/2026,Resolved
5/19/2026,41c1fe40-34fb-40da-985a-dd4318f47c74,c69e905b-76c4-435c-b456-94ea24a77db7,-,Process Deviation,Med,"Today it was very slow to bag the garments because the Metalprogetti technician was working on the system, and the bagging machine kept stopping frequently and on several occasions. This caused us to be unable to move forward in an efficient and fast manner.",[],5/20/2026,Resolved
5/18/2026,3ef94c1d-6d70-4722-a667-33b08990b381,c69e905b-76c4-435c-b456-94ea24a77db7,-,Metalprogetti,Med,Got delayed several times in the back due to testing and calibration that caused the bagger and dispatch to be down for various times during the end of the night,[],5/19/2026,Resolved
5/13/2026,3ef94c1d-6d70-4722-a667-33b08990b381,c69e905b-76c4-435c-b456-94ea24a77db7,-,Process Deviation,Med,"Were missing an order for Tyler Freed that wasn't racked anywhere, I checkedd the NP kiosk conveyor and it was hanging on a slot without being scanned on. Racked to conveyor for customer to pick up.",[],5/14/2026,Resolved
5/13/2026,3ef94c1d-6d70-4722-a667-33b08990b381,c69e905b-76c4-435c-b456-94ea24a77db7,-,Staffing / Attendance,Med,Sandra took three 10 minute breaks instead of 2 tens and a lunch ,[],5/14/2026,Resolved
5/11/2026,201912ce-f2b9-445a-8112-9f63229cd484,c69e905b-76c4-435c-b456-94ea24a77db7,-,Staffing / Attendance,Med,"While helping in the inspection area, I noticed that Sandra was unloading Casino, which caused the bagger to stop for approximately 20 minutes. I reminded her that on Mondays and Tuesdays, due to the large amount of work we have, it is important to do this at the end once Casino is completely finished, so we only have to stop the system one time and can use all 5 arms.",[],5/12/2026,Resolved
5/5/2026,201912ce-f2b9-445a-8112-9f63229cd484,c69e905b-76c4-435c-b456-94ea24a77db7,-,Metalprogetti,Med,"Due to the new Casino assembly process, we have had to continuously unload Casino garments throughout the process, which has slowed down the assembly of the remaining orders and caused delays in production.

While speaking with Karina, I asked her if it would be easier to wait until Casino was completely unloaded and then do the unloading all at once, allowing the team to focus only on organizing everything numerically afterward.

",[],5/6/2026,Resolved
5/5/2026,201912ce-f2b9-445a-8112-9f63229cd484,c69e905b-76c4-435c-b456-94ea24a77db7,-,Staffing / Attendance,Med,"I helped Sean locate a sport coat that was missing. I found it in Post Steam, where Ms. Mary had placed it. I let her know that it was an “58c22525-e091-4d3d-8470-311ea75fa7a2 Only” order and that we should prioritize completing those orders first.",[],5/6/2026,Resolved
4/20/2026,3ef94c1d-6d70-4722-a667-33b08990b381,c69e905b-76c4-435c-b456-94ea24a77db7,-,Training & Skill Development,Low,Let Sandra know about the Paycom forms. Omar helped her with her questions,[],4/21/2026,Resolved
4/13/2026,38415b1a-3ed4-42ac-8fce-62f64525cdd7,c69e905b-76c4-435c-b456-94ea24a77db7,-,Staffing / Attendance,Low,Karina requested off this Thursday ,[],4/14/2026,Resolved
3/25/2026,38415b1a-3ed4-42ac-8fce-62f64525cdd7,c69e905b-76c4-435c-b456-94ea24a77db7,-,Staffing / Attendance,Low," CEA, KATIE has 1 paycom form to sign ",[],3/26/2026,Resolved
3/24/2026,3ef94c1d-6d70-4722-a667-33b08990b381,c69e905b-76c4-435c-b456-94ea24a77db7,-,Staffing / Attendance,Med,Isabel no call no show,[],3/25/2026,Resolved
3/23/2026,201912ce-f2b9-445a-8112-9f63229cd484,c69e905b-76c4-435c-b456-94ea24a77db7,-,Training & Skill Development,Low,"Due to the changes we are currently implementing, we don’t have someone assigned to help with comforter assembly. I stepped in to complete them and left a rack for Mericia so she could assist once she finished her inspection tasks.

I’m already working with Dylan on a plan to delegate this responsibility to someone else moving forward.",[],3/24/2026,Resolved
3/13/2026,3ef94c1d-6d70-4722-a667-33b08990b381,c69e905b-76c4-435c-b456-94ea24a77db7,-,Process Deviation,Med,End of day count seemed high after I had scanned everything,[],3/14/2026,Resolved
3/2/2026,201912ce-f2b9-445a-8112-9f63229cd484,c69e905b-76c4-435c-b456-94ea24a77db7,-,Equipment / Maintenance,Med,The bagger machine is misaligned from the arm.,[],3/3/2026,Resolved
2/18/2026,201912ce-f2b9-445a-8112-9f63229cd484,c69e905b-76c4-435c-b456-94ea24a77db7,-,Quality Control,Low,Special packaged order. Lucas Desing,[],2/19/2026,Resolved
2/18/2026,201912ce-f2b9-445a-8112-9f63229cd484,c69e905b-76c4-435c-b456-94ea24a77db7,-,Metalprogetti,High,"The Metalprogetti continued having problems, It wouldn’t stop spinning.",[],2/19/2026,Resolved
2/18/2026,3ef94c1d-6d70-4722-a667-33b08990b381,c69e905b-76c4-435c-b456-94ea24a77db7,-,SMRT ,High,Still continiuing issue with Casino being loaded onto the conveyor,[],2/19/2026,Resolved
2/18/2026,3ef94c1d-6d70-4722-a667-33b08990b381,c69e905b-76c4-435c-b456-94ea24a77db7,-,Metalprogetti,High,Casino Orders still loading onto the dispatch conveyor instead of the rejection arm,[],2/19/2026,Resolved
2/18/2026,3ef94c1d-6d70-4722-a667-33b08990b381,c69e905b-76c4-435c-b456-94ea24a77db7,-,Metalprogetti,High,Casino Orders still loading onto the dispatch conveyor instead of the rejection arm,[],2/19/2026,Resolved
4/7/2026,3ef94c1d-6d70-4722-a667-33b08990b381,f819cb77-df55-40e7-99a0-1e65cc82f586,-,Training & Skill Development,Med,Hemda Arad informed us shirts are being folded in hald down the chest. Can we follow up with WB to ensure items are being folded correctly. ,[],4/8/2026,Resolved
7/15/2026,201912ce-f2b9-445a-8112-9f63229cd484,d334c2c1-d181-4c63-b481-07b69f89f4ea,-,Quality Control,Med,"I left the apron strap in the same place as yesterday. It still has an odor, and I noticed it's actually gotten a little stronger. I also noticed that it's starting to peel.",[],7/16/2026,Resolved
5/16/2026,3ef94c1d-6d70-4722-a667-33b08990b381,d334c2c1-d181-4c63-b481-07b69f89f4ea,-,Process Deviation,Med,After the girls left I went back through to double check the sorted items and found 8 orders out of place all on the wrong rail. need to to re-emphasize the importance of making sure everything is in corrrect order.  ,[],5/17/2026,Resolved
5/2/2026,201912ce-f2b9-445a-8112-9f63229cd484,d334c2c1-d181-4c63-b481-07b69f89f4ea,-,Training & Skill Development,Low,"I gave Elena the garment symbol reference, and I also showed her how to scan and the possible errors that can occur in the convert.",[],5/3/2026,Resolved
4/19/2026,3ef94c1d-6d70-4722-a667-33b08990b381,d334c2c1-d181-4c63-b481-07b69f89f4ea,-,Process Deviation,High,Some of the items Lizbeth put to the side that she had trouble scanning said they were already bagged. I found the bags and found an item for another employee were bagged in it's place. At first I couldn't figure out why different items were getting bagged and then I saw that Lizbeth was just clearing errors that appeared on the scanning screen without reading or looking into it. So she must have put different items in the slot then the one she scanned. I let her know that all errors she has to read first but I do not think she fully understood me. I also noticed the RFID scanner was placed incorrectly in the holder and caused items to hit it when it when they passed under causing several of the errors I saw.,[],4/20/2026,Resolved
4/18/2026,201912ce-f2b9-445a-8112-9f63229cd484,d334c2c1-d181-4c63-b481-07b69f89f4ea,-,Training & Skill Development,Med,"Marcela started her training in Casino. She began by separating garments. I also trained her on the shirt washing cycles and how to touch up shirts. Additionally, she started loading garments into the conveyor system (convert).",[],4/19/2026,Resolved
4/12/2026,3ef94c1d-6d70-4722-a667-33b08990b381,d334c2c1-d181-4c63-b481-07b69f89f4ea,-,Process Deviation,Med,I found a casino sweater left in a wire basket at the side of the PFF. Looks like it had fallen off an no one picked it up and sent through on Saturday. Already spoke to Omar and Lizbeth about double checking all ares when turning off machines and cleaning,[],4/13/2026,Resolved
3/21/2026,201912ce-f2b9-445a-8112-9f63229cd484,d334c2c1-d181-4c63-b481-07b69f89f4ea,-,Training & Skill Development,Low,lizbeth helpme with the pants,[],3/22/2026,Resolved
3/8/2026,3ef94c1d-6d70-4722-a667-33b08990b381,d334c2c1-d181-4c63-b481-07b69f89f4ea,-,Quality Control,High,Found a pen in the DC machine after cleaning. Luckily it did not break,[],3/9/2026,Resolved
3/6/2026,201912ce-f2b9-445a-8112-9f63229cd484,d334c2c1-d181-4c63-b481-07b69f89f4ea,-,Staffing / Attendance,Low,Casino Was late for a half hour,[],3/7/2026,Resolved
6/1/2026,3ef94c1d-6d70-4722-a667-33b08990b381,b6576035-2f2b-4f2f-82fa-bd7a057a608a,-,Customer / Account Impact,Low,Helped customer SueAnn Hohimer with a large rug that Will let me know was coming. Drivers brought it inside and I Marked it in. Gave her verbal quote based on size and sent release which she approved of both. Should send out tomorrow to clean and will need to coordinate delivery with the customer so we can have 2 people deliver this rug and possibly take it inside her home due to the size and weight.,[],6/2/2026,Resolved
4/20/2026,3ef94c1d-6d70-4722-a667-33b08990b381,b6576035-2f2b-4f2f-82fa-bd7a057a608a,-,Process Deviation,High,No shut the front door leading outside. The door stopper was still holding the door open. Was not shut by Lizbeth when she left. ,[],4/21/2026,Resolved
4/15/2026,201912ce-f2b9-445a-8112-9f63229cd484,b6576035-2f2b-4f2f-82fa-bd7a057a608a,-,Training & Skill Development,Med,I noticed Elizabeth was walking around Helena’s looking concerned and searching for someone. I approached her and asked if she needed help. She told me she was looking for Dylan because she had a RUSH order for tomorrow. I showed her that in the Mark In area there is a red bin used exclusively for Rush orders.,[],4/16/2026,Resolved
3/24/2026,3ef94c1d-6d70-4722-a667-33b08990b381,b6576035-2f2b-4f2f-82fa-bd7a057a608a,-,Process Deviation,Med,Sara came to me and asked if I could process a refund for a customer regarding the comforter promotion and the item sent in being a quilt.,[],3/25/2026,Resolved
3/13/2026,3ef94c1d-6d70-4722-a667-33b08990b381,b6576035-2f2b-4f2f-82fa-bd7a057a608a,-,Process Deviation,Low,Lobby door was not closed.,[],3/14/2026,Resolved
3/13/2026,3ef94c1d-6d70-4722-a667-33b08990b381,b6576035-2f2b-4f2f-82fa-bd7a057a608a,-,Process Deviation,Low,Lobby door was not closed.,[],3/14/2026,Resolved
4/30/2026,3ef94c1d-6d70-4722-a667-33b08990b381,010608f5-a067-4244-9d40-074281c6d8dd,-,Customer / Account Impact,High,"Undetailed order on Lot manager for today was a Same Day a customer brought in at 6 am. No one saw it this morning, and all CSR's and leads were in a meeting so I detailed and pushed to cleaning. Customer Martin Wenglinsky also added a note I was unsure about as it said to box the shirts and double bag?",[],5/1/2026,Resolved
3/3/2026,3ef94c1d-6d70-4722-a667-33b08990b381,010608f5-a067-4244-9d40-074281c6d8dd,-,Customer / Account Impact,Low,Raquel is charged fulled price for filled jacket and not the staff discount,[],3/4/2026,Resolved
8/16/2026,3ef94c1d-6d70-4722-a667-33b08990b381,30642f55-bf46-490f-a9f9-806424c44a31,-,Staffing / Attendance,Med,Vince left shift middway thru as he was sick and throwing up. Fran covered the second half of the day and took Armoire and the Hotel deliveries,[],8/17/2026,Resolved
4/14/2026,3ef94c1d-6d70-4722-a667-33b08990b381,30642f55-bf46-490f-a9f9-806424c44a31,-,Customer / Account Impact,High,USSF soccer is late as the driver did not pick up the bags. Serafin is sending another driver now to pick up but is already 8:15,[],4/15/2026,Resolved
3/31/2026,3ef94c1d-6d70-4722-a667-33b08990b381,30642f55-bf46-490f-a9f9-806424c44a31,-,Process Deviation,Med,Saw Julio open a soda on the production floor while we was walking through and was talking in the Armoire area. Informed Serafin so he could talk to Julio about it ,[],4/1/2026,Resolved
3/21/2026,201912ce-f2b9-445a-8112-9f63229cd484,30642f55-bf46-490f-a9f9-806424c44a31,-,Staffing / Attendance,Low,,[],3/22/2026,Resolved
3/15/2026,3ef94c1d-6d70-4722-a667-33b08990b381,30642f55-bf46-490f-a9f9-806424c44a31,-,Process Deviation,Med,Astra Hotel Same day order wasn't picked up in the morning,[],3/16/2026,Resolved
2/18/2026,3ef94c1d-6d70-4722-a667-33b08990b381,30642f55-bf46-490f-a9f9-806424c44a31,-,Equipment / Maintenance,Low,Kenny is using some of our tools so could not lock up the toolbox before leaving.,[],2/19/2026,Resolved
7/31/2026,3ef94c1d-6d70-4722-a667-33b08990b381,f3499f5a-92a0-4d9c-b532-68fa1301ed26,-,Equipment / Maintenance,Low,all 4 filter valves are opened for Brandon to change the filter tomorrow,[],8/1/2026,Resolved
4/23/2026,37f3118a-7132-47da-a008-c5b2976e1bff,f3499f5a-92a0-4d9c-b532-68fa1301ed26,-,Staffing / Attendance,Med,Dylan and Omar - David the tech guy will be in tonight at 5pm to swap out the cameras in the lead office ,[],4/24/2026,Resolved
3/30/2026,3ef94c1d-6d70-4722-a667-33b08990b381,f3499f5a-92a0-4d9c-b532-68fa1301ed26,-,Process Deviation,Med,"Following up on a couple of recent rush orders to make sure we’re all aligned. Last week we had one that wasn’t marked as rush, and today another one for Peterson Laura  only part of it was marked correctly. Once garments reach the production floor without that tag, it becomes very difficult to identify and prioritize them, please double check with the team to make sure they understand the importance of this, thank you.",[],3/31/2026,Resolved
3/30/2026,7b9f0fa6-26fb-449b-9946-632d8c6a57a8,f3499f5a-92a0-4d9c-b532-68fa1301ed26,-,Equipment / Maintenance,High,"Katie around 8:20 told me she saw that the roof was leaking water where the dry clean washers are. I immediately went to check, and it was the water tank that was leaking. Then I told Carlos what was happening.",[],3/31/2026,Resolved
3/25/2026,3ef94c1d-6d70-4722-a667-33b08990b381,f3499f5a-92a0-4d9c-b532-68fa1301ed26,-,Equipment / Maintenance,Med,Solvent in the button trap after loads.,[],3/26/2026,Resolved
2/24/2026,7b9f0fa6-26fb-449b-9946-632d8c6a57a8,f3499f5a-92a0-4d9c-b532-68fa1301ed26,-,Staffing / Attendance,Low,I left two special orders—one that requires special care and the other for spot and brightening.,[],2/25/2026,Resolved
8/8/2026,201912ce-f2b9-445a-8112-9f63229cd484,159bc2b7-001d-45d6-86e9-14819d337550,-,Equipment / Maintenance,Med,"The containers where we dispose of the solvent waste removed when cleaning the stills on the DC machines are almost completely full. We only have about 3/4 of one container left available, so we will need more space soon.",[],8/9/2026,Resolved
7/19/2026,201912ce-f2b9-445a-8112-9f63229cd484,159bc2b7-001d-45d6-86e9-14819d337550,-,Equipment / Maintenance,High,"At 9:20 a.m., the GE team asked me for hangers because they had run out. When I went outside to the container to get more, I noticed that the white tents that had been outside near the container were gone. It appears that someone stole them.",[],7/20/2026,Resolved
6/1/2026,3ef94c1d-6d70-4722-a667-33b08990b381,159bc2b7-001d-45d6-86e9-14819d337550,-,Equipment / Maintenance,Med,Sam's Iron was leaking water when trying to use steam. Spoke to Brandon and he had tried to slice a damaged wire before as we did not currently have a new iron ordered yet. There was extra wiring so I was able to cut all the wires several inshes shorter and then re-wire the iron so it is working correctly. Brandon will double check in the morning to make sure it is wired correctly as this was my first time wiring an iron by myself. Was not leaking when i tested myself.,[],6/2/2026,Resolved
5/20/2026,3ef94c1d-6d70-4722-a667-33b08990b381,159bc2b7-001d-45d6-86e9-14819d337550,-,Equipment / Maintenance,Low,"Changed out the light bulb in the women's restroom, however the bulbs we had on hand our a different shade",[],5/21/2026,Resolved
5/17/2026,201912ce-f2b9-445a-8112-9f63229cd484,159bc2b7-001d-45d6-86e9-14819d337550,-,Equipment / Maintenance,High,"Sanjay had mentioned to me that he was going to buy breakfast and left the boiler running, but while I was doing rounds around the Wet Clean stations, I noticed that the boiler was not on. I also noticed that the steam pressure was dropping quickly, and while I was recording a video, the boiler turned back on and started functioning again. Sanjay was notified, and he came back and continued working on the boiler.",[],5/18/2026,Resolved
5/17/2026,201912ce-f2b9-445a-8112-9f63229cd484,159bc2b7-001d-45d6-86e9-14819d337550,-,Safety / Risk,Med,Sanjay asked me for my key so he could enter Helena’s. He mentioned that he would come back later to finish repairing the boiler. I will not leave the alarm activated.,[],5/18/2026,Resolved
4/25/2026,201912ce-f2b9-445a-8112-9f63229cd484,159bc2b7-001d-45d6-86e9-14819d337550,-,Equipment / Maintenance,Med,"In the last DC load, I noticed that in machine #3, there was chemical in the button trap. I sent a photo to Brandon, and I’ll follow up again tomorrow.",[],4/26/2026,Resolved
4/16/2026,201912ce-f2b9-445a-8112-9f63229cd484,159bc2b7-001d-45d6-86e9-14819d337550,-,Safety / Risk,High,"During one of my walkthroughs around Helena’s, I noticed some water on the floor near the washers, which appeared to be coming from the spotting area. When I approached, I saw Mari cleaning it up, along with a bucket that had tipped over next to the Delta towels.

When I checked in with her, she explained that while working on stain removal, she had the towels soaking in hot water. At some point, one of the wheels on the bucket gave out, causing it to tip over and spill the water.",[],4/17/2026,Resolved
4/8/2026,3ef94c1d-6d70-4722-a667-33b08990b381,159bc2b7-001d-45d6-86e9-14819d337550,-,Equipment / Maintenance,Low,Kenny is working on fixing the drapery Hot head. Was not finished by the time I left so it will need to be double checked tomorrow,[],4/9/2026,Resolved
4/8/2026,3ef94c1d-6d70-4722-a667-33b08990b381,159bc2b7-001d-45d6-86e9-14819d337550,-,Equipment / Maintenance,Med,"Part of the Chicago Press issue, the reverse function would not work as the base of the knob was free spinning and didn't recognize the commnd of switching directions. I manually tightened this from the inside and got it to stay, but a new switch may be needed to prevent in the future. This will also need to be apart of a weekly check to ensure all button and switches are performing correctly. Along with checking the buttons and gresing the machine, I am not familiar enough with the rest of the maintenance, I will sit down with Brandon so we can come with a checklist we can add to Invenasset and ensure it is being checked every week",[],4/9/2026,Resolved
3/30/2026,3ef94c1d-6d70-4722-a667-33b08990b381,159bc2b7-001d-45d6-86e9-14819d337550,-,Equipment / Maintenance,Med,Need to call Union to order a Button trap valve and comfirm the PSI readings for the DECO and filters and what is which,[],3/31/2026,Resolved
3/16/2026,3ef94c1d-6d70-4722-a667-33b08990b381,159bc2b7-001d-45d6-86e9-14819d337550,-,Equipment / Maintenance,Low,The old shirts collar cone needs to be sold or thrown away,[],3/17/2026,Resolved
2/26/2026,201912ce-f2b9-445a-8112-9f63229cd484,159bc2b7-001d-45d6-86e9-14819d337550,-,Equipment / Maintenance,Low,Broken start button on the shirt machine.,[],2/27/2026,Resolved
2/24/2026,3ef94c1d-6d70-4722-a667-33b08990b381,159bc2b7-001d-45d6-86e9-14819d337550,-,Equipment / Maintenance,High,new Boiler wasn't turning on,[],2/25/2026,Resolved
2/24/2026,3ef94c1d-6d70-4722-a667-33b08990b381,159bc2b7-001d-45d6-86e9-14819d337550,-,Equipment / Maintenance,Med,Air Hose for Pant topper is damaged and leaking air,[],2/25/2026,Resolved
8/17/2026,201912ce-f2b9-445a-8112-9f63229cd484,9c151ba5-2bb4-466c-85ad-8e6bb90f05ea,-,Staffing / Attendance,Med,"i left 4 pieces to check them, all of them came from alt, but we check a few more holes or damages ",[],8/18/2026,Resolved
7/26/2026,201912ce-f2b9-445a-8112-9f63229cd484,9c151ba5-2bb4-466c-85ad-8e6bb90f05ea,-,Process Deviation,Med,we done with kavu orders. ,[],7/27/2026,Resolved
7/20/2026,3ef94c1d-6d70-4722-a667-33b08990b381,9c151ba5-2bb4-466c-85ad-8e6bb90f05ea,-,Staffing / Attendance,Low,"Nayeli, planned day off. Zaydi covering in shirts",[],7/21/2026,Resolved
7/17/2026,3ef94c1d-6d70-4722-a667-33b08990b381,9c151ba5-2bb4-466c-85ad-8e6bb90f05ea,-,Staffing / Attendance,Low,Alma planned day off. Zaydi moved to shirts to help. Lidai left solo,[],7/18/2026,Resolved
7/3/2026,3ef94c1d-6d70-4722-a667-33b08990b381,9c151ba5-2bb4-466c-85ad-8e6bb90f05ea,-,Staffing / Attendance,Med,Santos could nopt come to work due to bus shutdown for the holiday,[],7/4/2026,Resolved
7/3/2026,3ef94c1d-6d70-4722-a667-33b08990b381,9c151ba5-2bb4-466c-85ad-8e6bb90f05ea,-,Staffing / Attendance,Med,"Raquel, planned day off",[],7/4/2026,Resolved
6/23/2026,3ef94c1d-6d70-4722-a667-33b08990b381,9c151ba5-2bb4-466c-85ad-8e6bb90f05ea,-,Staffing / Attendance,Med,Juana out sick. maricarmen covering sheets and Evelyn covering sweaters,[],6/24/2026,Resolved
4/8/2026,3ef94c1d-6d70-4722-a667-33b08990b381,9c151ba5-2bb4-466c-85ad-8e6bb90f05ea,-,Customer / Account Impact,Med,"Tablecloth got caught in the Chicago press and got tangle up in the machine and under heat for extended period. After we finally got it free, had some burn marks and a couple small tears. Left on Brandon's door to inspect but customer notification will be required. Ran the was sheet through to clean the roller and didn't have any issues",[],4/9/2026,Resolved
2/18/2026,201912ce-f2b9-445a-8112-9f63229cd484,9c151ba5-2bb4-466c-85ad-8e6bb90f05ea,-,Staffing / Attendance,Low,Carlos Cabrera left stickers at his workstation,[],2/19/2026,Resolved
4/7/2026,3ef94c1d-6d70-4722-a667-33b08990b381,9f94c322-9196-4524-b4c9-90aaa19cc883,-,Process Deviation,Med,Talked to the Grand Event girls about how they should be foldng the tablclothes and following the existing lines. Not folding and creating new ones,[],4/8/2026,Resolved
5/20/2026,37f3118a-7132-47da-a008-c5b2976e1bff,44344ef9-2722-47ce-bc1c-3e9d224ca8ff,-,Equipment / Maintenance,High,"Old Hot Head press is down for sheets. Water coming out, sheets have to work slower since they don't have this machine.",[],5/21/2026,Resolved
3/10/2026,201912ce-f2b9-445a-8112-9f63229cd484,44344ef9-2722-47ce-bc1c-3e9d224ca8ff,-,Quality Control,Low,Comforter Barkley Jessica 20734857,[],3/11/2026,Resolved
8/2/2026,201912ce-f2b9-445a-8112-9f63229cd484,061c940a-3dba-4654-98cc-1a83be88cc46,-,Quality Control,Med,Today we detected that one strap arrived with a very strong perfume odor. I left it in Brandon's office so he can inspect and verify the issue.,[],8/3/2026,Resolved
7/17/2026,3ef94c1d-6d70-4722-a667-33b08990b381,061c940a-3dba-4654-98cc-1a83be88cc46,-,Staffing / Attendance,Low,Brenda Planned day off,[],7/18/2026,Resolved
7/16/2026,3ef94c1d-6d70-4722-a667-33b08990b381,061c940a-3dba-4654-98cc-1a83be88cc46,-,Equipment / Maintenance,High,"Button sewing machine isn't working correctly. It is finishing buttons really loosely and then taking the thread out of the eye of the needle. Already tried to change the needle, thread and relubricated the machine but no fix yet. Sent remaining buttons to Seamstress.",[],7/17/2026,Resolved
7/1/2026,3ef94c1d-6d70-4722-a667-33b08990b381,061c940a-3dba-4654-98cc-1a83be88cc46,-,Training & Skill Development,Med,Mericia tested Brenda on Shirt Laundry and she passed the selected pieces. mericia filled out sheet and will hold onto until the DC portion is completed,[],7/2/2026,Resolved
7/1/2026,3ef94c1d-6d70-4722-a667-33b08990b381,061c940a-3dba-4654-98cc-1a83be88cc46,-,Training & Skill Development,High,Talked to Mericia about gathering IAB and reiterating the importance of scanning all pieces to the correct locatio when moving them as well as making sure to correctly send items to pressing or spotting if they need to be touch uped. This way the piece history can be the most accuate and will have easier time locating specific pieces,[],7/2/2026,Resolved
5/13/2026,3ef94c1d-6d70-4722-a667-33b08990b381,061c940a-3dba-4654-98cc-1a83be88cc46,-,Staffing / Attendance,High,Erika Cortez quit effective immeadietly,[],5/14/2026,Resolved
5/11/2026,41c1fe40-34fb-40da-985a-dd4318f47c74,061c940a-3dba-4654-98cc-1a83be88cc46,-,Staffing / Attendance,Low,Brandon test test ,[],5/12/2026,Resolved
4/29/2026,3ef94c1d-6d70-4722-a667-33b08990b381,061c940a-3dba-4654-98cc-1a83be88cc46,-,Staffing / Attendance,Low,Erika had to leave at  10 due to a family emergency. Said she could come back in maybe an hour but not sure ,[],4/30/2026,Resolved
4/7/2026,3ef94c1d-6d70-4722-a667-33b08990b381,061c940a-3dba-4654-98cc-1a83be88cc46,-,Process Deviation,Med,Several 58c22525-e091-4d3d-8470-311ea75fa7a2s came to inspection without the alts marked in SMRT. All were scanned to 58c22525-e091-4d3d-8470-311ea75fa7a2s by Elizabeth and had the Approved Special care added to the item. Needs review of alt SOP,[],4/8/2026,Resolved
3/31/2026,3ef94c1d-6d70-4722-a667-33b08990b381,061c940a-3dba-4654-98cc-1a83be88cc46,-,Training & Skill Development,High,I saw Sandra was inspecting sweaters on her second day. Found that she had nothing to scan and Edith taught her how to do sweaters next to her. I notified Jonni and Sean of this so they can speak to Vanessa and Sandra about her current training path. I spoke to Edith to let her know that while we appreciate her attentiveness to help train. We need to follow Jonni and Sean's training plan first and then properly set up her Inspection training under supervision.,[],4/1/2026,Resolved
3/10/2026,201912ce-f2b9-445a-8112-9f63229cd484,061c940a-3dba-4654-98cc-1a83be88cc46,-,Staffing / Attendance,Low,Meeting witg Inpeccion and assembly team,[],3/11/2026,Resolved
2/26/2026,201912ce-f2b9-445a-8112-9f63229cd484,061c940a-3dba-4654-98cc-1a83be88cc46,-,Quality Control,Med, Smith Courtney dress 20733658,[],2/27/2026,Resolved
8/5/2026,201912ce-f2b9-445a-8112-9f63229cd484,a73dfbe3-1e93-4c2e-8a5d-0a9375d6c8b7,-,Quality Control,Med,"Hi Brandon,

I left you a jacket that has poly on it. It belongs to the account Lizzie Mintus.

Marisela told me that authorization had been requested from the customer before cleaning it. The jacket was not cleaned here at Helena's.

The rest of the or",[],8/6/2026,Resolved
7/29/2026,201912ce-f2b9-445a-8112-9f63229cd484,a73dfbe3-1e93-4c2e-8a5d-0a9375d6c8b7,-,Process Deviation,Med,"Hi Brandon, we left you three items: two long dresses that we weren't able to determine whether they arrived that way because the camera doesn't zoom in far enough to capture that area. As for the jacket, it came in with all of its buttons, but they did not come out of the dry cleaning machine.",[],7/30/2026,Resolved
7/19/2026,201912ce-f2b9-445a-8112-9f63229cd484,a73dfbe3-1e93-4c2e-8a5d-0a9375d6c8b7,-,Process Deviation,Med,"I noticed there were rush orders for both the hotels and Aramark. I completed washing the hotel rush order and left a note indicating that it was ready to be hung. I also started working on the Aramark rush order, but there were still a few pieces left to finish. I left several chef coats soaking and informed the morning shift so they could wash them.",[],7/20/2026,Resolved
7/14/2026,201912ce-f2b9-445a-8112-9f63229cd484,a73dfbe3-1e93-4c2e-8a5d-0a9375d6c8b7,-,Staffing / Attendance,Med,Evelyn is requesting to leave work for one hour and return as soon as she finishes her personal matter. She plans to leave at 8:40 and return at 9:30 on Thursday.,[],7/15/2026,Resolved
7/14/2026,3ef94c1d-6d70-4722-a667-33b08990b381,a73dfbe3-1e93-4c2e-8a5d-0a9375d6c8b7,-,Safety / Risk,High,"Around 3:30pm a possible shirtless homeless man was on a bike and stopped right at the open garage door near the sheets, he was talking loudly to try and get the attention of the sheets team so I went over to him to tell him to leave. he pointed at the Armoire clothing outside under the awning and asked if that was garbage and he could take it. I told him no and that they were ours and he couldn't take any. he then proceeded to leave and I watched until he rounded the corner. I made sure to let Mericia and Omar know if they see him again to let me know.",[],7/15/2026,Resolved
7/3/2026,3ef94c1d-6d70-4722-a667-33b08990b381,a73dfbe3-1e93-4c2e-8a5d-0a9375d6c8b7,-,Staffing / Attendance,High,"Due to multpile call outs we will have some employees getting OT, Alex, Maria M, Nelly. Will minimize as much as possible",[],7/4/2026,Resolved
6/8/2026,201912ce-f2b9-445a-8112-9f63229cd484,a73dfbe3-1e93-4c2e-8a5d-0a9375d6c8b7,-,Staffing / Attendance,Med,"I asked Marisela if she could help us with shirt touch-ups, which caused her to leave a little later than usual. There were still many garments in Inspection that needed to be inspected, folded, and organized.",[],6/9/2026,Resolved
6/1/2026,201912ce-f2b9-445a-8112-9f63229cd484,a73dfbe3-1e93-4c2e-8a5d-0a9375d6c8b7,-,Staffing / Attendance,Med,Koko mentioned that he has an appointment tomorrow and will need to leave around 3:00 PM.,[],6/2/2026,Resolved
5/27/2026,201912ce-f2b9-445a-8112-9f63229cd484,a73dfbe3-1e93-4c2e-8a5d-0a9375d6c8b7,-,Staffing / Attendance,High,"Due to multiple orders being left outside of the conveyor and redirected through the arm, we ended up leaving 3 rails with route and store garments pending.",[],5/28/2026,Resolved
5/20/2026,201912ce-f2b9-445a-8112-9f63229cd484,a73dfbe3-1e93-4c2e-8a5d-0a9375d6c8b7,-,Process Deviation,High,"“We found a sport coat and a pair of pants that came from 58c22525-e091-4d3d-8470-311ea75fa7a2s and were marked as rush. However, there were no details or notes attached. The customer’s name is Gustavo Berrizbeitia. I left them by Jonni’s door.",[],5/21/2026,Resolved
5/20/2026,3ef94c1d-6d70-4722-a667-33b08990b381,a73dfbe3-1e93-4c2e-8a5d-0a9375d6c8b7,-,Training & Skill Development,Med,Talked to Carlos T about the cancellation of Armiore Flex Job Cost and the need to watch everyone's hours. If he does need people to stay longer to hit the peice goal then he needs to spread the hours through all the staff and not just having 1 person stay longer each night so the hours can be balanced,[],5/21/2026,Resolved
5/19/2026,3ef94c1d-6d70-4722-a667-33b08990b381,a73dfbe3-1e93-4c2e-8a5d-0a9375d6c8b7,-,Customer / Account Impact,High,"We could not locate a date specific order for Andrew Araujo. After reviewing camera footage I saw it was a loading error onto the storage conveyor that Steve, the Metal Techician grabbed off the arm but then placed on another slot on the conveyor that did not record the placement. We located it and rebagged as the plastic was ripped. jonni reaching out to customer to see if it can be pushed for delivery tomorrow.",[],5/20/2026,Resolved
5/18/2026,3ef94c1d-6d70-4722-a667-33b08990b381,a73dfbe3-1e93-4c2e-8a5d-0a9375d6c8b7,-,Staffing / Attendance,Med,Stayedlatre to help wbag comforters since Martina was off today,[],5/19/2026,Resolved
5/13/2026,3ef94c1d-6d70-4722-a667-33b08990b381,a73dfbe3-1e93-4c2e-8a5d-0a9375d6c8b7,-,Equipment / Maintenance,High,had a 30 second power outage at the plant before it came back on on it's own. Had to reset Metal and the WB kiosks but everything else seems to have came back on fine,[],5/14/2026,Resolved
5/13/2026,201912ce-f2b9-445a-8112-9f63229cd484,a73dfbe3-1e93-4c2e-8a5d-0a9375d6c8b7,-,Staffing / Attendance,Med,"Today, while teaching Mericia how to use the Production Dashboard, I noticed that her email has not been added. Her email is mericia@helenascleaners.com
.",[],5/14/2026,Resolved
5/13/2026,201912ce-f2b9-445a-8112-9f63229cd484,a73dfbe3-1e93-4c2e-8a5d-0a9375d6c8b7,-,Staffing / Attendance,Low,testest ,[],5/14/2026,Resolved
4/28/2026,3ef94c1d-6d70-4722-a667-33b08990b381,a73dfbe3-1e93-4c2e-8a5d-0a9375d6c8b7,-,Customer / Account Impact,Med,"Couldn't locate last item on Lot Manager for Sally Moncrieff. After checking Metalprogetti records and finding the orders that came off before and after her order we determined Sally's sweater got mixed in with an order for John White. Jonni verified on camera that he picked it up and she reached out to him to have it brought back. This item was most likely rubberbanded incorrectly during morning routes, possibly by Gigi who is still training in the morning.",[],4/29/2026,Resolved
4/27/2026,201912ce-f2b9-445a-8112-9f63229cd484,a73dfbe3-1e93-4c2e-8a5d-0a9375d6c8b7,-,Staffing / Attendance,Low,"Can we request a company email for Mericia? I’m currently training her on the end-of-day closing, and I also recommended that she download Todoist so I can show her some tasks.",[],4/28/2026,Resolved
4/23/2026,201912ce-f2b9-445a-8112-9f63229cd484,a73dfbe3-1e93-4c2e-8a5d-0a9375d6c8b7,-,Staffing / Attendance,Med,I left the leaders’ office door open while the camera technician was working. I asked Carlos to lock it once the technician leaves.”,[],4/24/2026,Resolved
4/23/2026,201912ce-f2b9-445a-8112-9f63229cd484,a73dfbe3-1e93-4c2e-8a5d-0a9375d6c8b7,-,Equipment / Maintenance,Med,David couldn’t finish the job; he mentioned that the camera is different and that he had to arrange other types of cables.,[],4/24/2026,Resolved
4/20/2026,3ef94c1d-6d70-4722-a667-33b08990b381,a73dfbe3-1e93-4c2e-8a5d-0a9375d6c8b7,-,Invenasset,Low,Serafin is checking the storage container tomorrow for insulation piping and rolling bases for the bins. If not I will order more. ,[],4/21/2026,Resolved
4/16/2026,38415b1a-3ed4-42ac-8fce-62f64525cdd7,a73dfbe3-1e93-4c2e-8a5d-0a9375d6c8b7,-,Housekeeping / Standards,Med,Lead office not locked 4/14 night or 4/15 night,[],4/17/2026,Resolved
4/16/2026,201912ce-f2b9-445a-8112-9f63229cd484,a73dfbe3-1e93-4c2e-8a5d-0a9375d6c8b7,-,Staffing / Attendance,Med,"Koko approached me to request permission to make an emergency call. She mentioned that she had received a voicemail from her child’s school indicating that there had been an accident. She requested to leave, and permission was granted.",[],4/17/2026,Resolved
4/12/2026,3ef94c1d-6d70-4722-a667-33b08990b381,a73dfbe3-1e93-4c2e-8a5d-0a9375d6c8b7,-,Customer / Account Impact,Med,USSF account did not end up coming today. Texted Serafin to see when the driver would be bringing it to the plant only to find out they had canceled Sunday's pick up and would start Monday. Did not recieve any communication regarding this change. ,[],4/13/2026,Resolved
4/12/2026,3ef94c1d-6d70-4722-a667-33b08990b381,a73dfbe3-1e93-4c2e-8a5d-0a9375d6c8b7,-,Equipment / Maintenance,Med,Built a new rolling cart for Assembly and left in the back.,[],4/13/2026,Resolved
4/8/2026,3ef94c1d-6d70-4722-a667-33b08990b381,a73dfbe3-1e93-4c2e-8a5d-0a9375d6c8b7,-,Process Deviation,Low,kenny was using some of our tools so unable to lock up toolbox. Asked Carlos to lock up whe kenny finished.,[],4/9/2026,Resolved
3/17/2026,3ef94c1d-6d70-4722-a667-33b08990b381,a73dfbe3-1e93-4c2e-8a5d-0a9375d6c8b7,-,Safety / Risk,Med,Koko carried a pallet. ,[],3/18/2026,Resolved
3/17/2026,3ef94c1d-6d70-4722-a667-33b08990b381,a73dfbe3-1e93-4c2e-8a5d-0a9375d6c8b7,-,Invenasset,Med,Asking Cleaner supply to send over barcodes for their items,[],3/18/2026,Resolved
3/17/2026,201912ce-f2b9-445a-8112-9f63229cd484,a73dfbe3-1e93-4c2e-8a5d-0a9375d6c8b7,-,Training & Skill Development,Low,,[],3/18/2026,Resolved
3/17/2026,3ef94c1d-6d70-4722-a667-33b08990b381,a73dfbe3-1e93-4c2e-8a5d-0a9375d6c8b7,-,Process Deviation,Med,Kenny using tools so unable to lock up toolbox,[],3/18/2026,Resolved
3/16/2026,201912ce-f2b9-445a-8112-9f63229cd484,a73dfbe3-1e93-4c2e-8a5d-0a9375d6c8b7,-,Staffing / Attendance,Med,Special label color blead,[],3/17/2026,Resolved
3/13/2026,3ef94c1d-6d70-4722-a667-33b08990b381,a73dfbe3-1e93-4c2e-8a5d-0a9375d6c8b7,-,Invenasset,Med,Made a new PFF cleaning task,[],3/14/2026,Resolved
3/13/2026,3ef94c1d-6d70-4722-a667-33b08990b381,a73dfbe3-1e93-4c2e-8a5d-0a9375d6c8b7,-,Invenasset,Med,"Equipment barcode and QR codes scanned within the webpage are not redirecting to the actual piece of equipment, just the equipment tab",[],3/14/2026,Resolved
3/12/2026,201912ce-f2b9-445a-8112-9f63229cd484,a73dfbe3-1e93-4c2e-8a5d-0a9375d6c8b7,-,Equipment / Maintenance,Med,delivery supplies,[],3/13/2026,Resolved
3/11/2026,3ef94c1d-6d70-4722-a667-33b08990b381,a73dfbe3-1e93-4c2e-8a5d-0a9375d6c8b7,-,Process Deviation,Low,Left Toolbox unlocked for Kenny. Carlos will lock up at the end of the night,[],3/12/2026,Resolved
3/11/2026,3ef94c1d-6d70-4722-a667-33b08990b381,a73dfbe3-1e93-4c2e-8a5d-0a9375d6c8b7,-,Training & Skill Development,Low,Sarah left without closing front door to production,[],3/12/2026,Resolved
3/11/2026,3ef94c1d-6d70-4722-a667-33b08990b381,a73dfbe3-1e93-4c2e-8a5d-0a9375d6c8b7,-,Training & Skill Development,Low,Sarah left without closing front door to production,[],3/12/2026,Resolved
3/9/2026,3ef94c1d-6d70-4722-a667-33b08990b381,a73dfbe3-1e93-4c2e-8a5d-0a9375d6c8b7,-,Equipment / Maintenance,Low,New Customer route cards delivered,[],3/10/2026,Resolved
7/1/2026,3ef94c1d-6d70-4722-a667-33b08990b381,eaa37ea2-ea7c-4e05-84b4-0551747ce3ce,-,Equipment / Maintenance,Med,Jonni pointed out a losse wire holder and a cut ziptie for the front conveyor controlbox. I replaced both and is securely attached,[],7/2/2026,Resolved
5/17/2026,201912ce-f2b9-445a-8112-9f63229cd484,eaa37ea2-ea7c-4e05-84b4-0551747ce3ce,-,Equipment / Maintenance,Med,"Metalprogetti personnel were working during the morning, so we did not begin loading garments into the system until around 2:00 PM. While all garments were being loaded into the convert, Helena and Lizbeth worked on Armoire. We were able to complete the steam-only order.",[],5/18/2026,Resolved
4/30/2026,3ef94c1d-6d70-4722-a667-33b08990b381,eaa37ea2-ea7c-4e05-84b4-0551747ce3ce,-,Metalprogetti,Med,Issue with bagger as over the course of the day the stickers would print blank on 15-20 orders at a time and then go back to normal. I found the computer had frozen so I restarted it and haven't seen the issue happen again. Karina will let me know if she shes it again just in case.,[],5/1/2026,Resolved
4/30/2026,3ef94c1d-6d70-4722-a667-33b08990b381,eaa37ea2-ea7c-4e05-84b4-0551747ce3ce,-,Metalprogetti,Med,Rejection arm was still misaligning casuong some casino orders to fall. Spoke with support and they think it was an air issue. I adjusted the air valve on the dispatch conveyor to 6 which is the recommended as it was at 5.5. Will continue to monitor to see if the arm keeps misaligning,[],5/1/2026,Resolved
4/14/2026,3ef94c1d-6d70-4722-a667-33b08990b381,eaa37ea2-ea7c-4e05-84b4-0551747ce3ce,-,Equipment / Maintenance,Med,NP lockers 1-12 would not open. Sean submitted a metal ticket and I helped finish testing as Sean had left after they called back. They reset the system and is back to functioning correctly,[],4/15/2026,Resolved
3/10/2026,3ef94c1d-6d70-4722-a667-33b08990b381,eaa37ea2-ea7c-4e05-84b4-0551747ce3ce,-,Metalprogetti,Med,New spot tags are causing interferences with the bagger,[],3/11/2026,Resolved
4/13/2026,37f3118a-7132-47da-a008-c5b2976e1bff,fea79e67-d025-4511-9fa3-4b88f68ffa55 ,-,Staffing / Attendance,Low,Nelly requested to leave at 9:20am due to a personal emergency with her son. ,[],4/14/2026,Resolved
4/6/2026,37f3118a-7132-47da-a008-c5b2976e1bff,c8cace0d-524d-48a1-a2de-88e7e442663e,-,Staffing / Attendance,Low,Luis Called out ,[],4/7/2026,Resolved
3/11/2026,3ef94c1d-6d70-4722-a667-33b08990b381,b1d7e774-9b25-40ce-9a4e-59e6262315a2,-,Quality Control,Med,Will brought to our attention the spotting bones they were using were damaged,[],3/12/2026,Resolved
5/6/2026,e9867431-9297-44d0-9f67-8e8b158aa847,38c2d13e-a2f2-40c9-ad6c-b8260cc2ec5a,-,Equipment / Maintenance,Med,Just putting it out there - It seems that I find and pickup an item dropped by the steam tunnel 1-2 times every day. I see things on the ground on the side closest to my office and will give them to whoever is at post steam ,[],5/7/2026,Resolved
4/26/2026,201912ce-f2b9-445a-8112-9f63229cd484,38c2d13e-a2f2-40c9-ad6c-b8260cc2ec5a,-,Equipment / Maintenance,Med,I noticed that the garments get stuck and don’t slide completely before reaching the sensors on the PFF tunnel; it seemed to be slightly lower than normal.,[],4/27/2026,Resolved
3/17/2026,3ef94c1d-6d70-4722-a667-33b08990b381,38c2d13e-a2f2-40c9-ad6c-b8260cc2ec5a,-,Equipment / Maintenance,Med,Kenny checking the motor for the steam tunnel fan,[],3/18/2026,Resolved
3/5/2026,3ef94c1d-6d70-4722-a667-33b08990b381,38c2d13e-a2f2-40c9-ad6c-b8260cc2ec5a,-,Equipment / Maintenance,Med,New offloading arm didn't work as intended,[],3/6/2026,Resolved
3/2/2026,3ef94c1d-6d70-4722-a667-33b08990b381,38c2d13e-a2f2-40c9-ad6c-b8260cc2ec5a,-,Equipment / Maintenance,Med,Converter has not come in yet,[],3/3/2026,Resolved
2/18/2026,3ef94c1d-6d70-4722-a667-33b08990b381,38c2d13e-a2f2-40c9-ad6c-b8260cc2ec5a,-,Equipment / Maintenance,Low,Pieces falling off screw rail,[],2/19/2026,Resolved
2/18/2026,201912ce-f2b9-445a-8112-9f63229cd484,38c2d13e-a2f2-40c9-ad6c-b8260cc2ec5a,-,Equipment / Maintenance,Low,The toolbox was left open for Kenny.,[],2/19/2026,Resolved
2/18/2026,201912ce-f2b9-445a-8112-9f63229cd484,38c2d13e-a2f2-40c9-ad6c-b8260cc2ec5a,-,Equipment / Maintenance,Med,garments into the new PFF steam tunnel I noticed it was slightly misaligned. This was causing the garments to fall before reaching the small rail ,[],2/19/2026,Resolved
4/20/2026,201912ce-f2b9-445a-8112-9f63229cd484,e53222f3-8a1c-470e-b15f-638ffba75785,-,Staffing / Attendance,Med,"Due to all bins being used for the Excellence Boat order, and the Mark In team needing bins, I placed the boat garments to the side of the repair area with a sign indicating they belong to the boat order.",[],4/21/2026,Resolved
4/9/2026,201912ce-f2b9-445a-8112-9f63229cd484,e53222f3-8a1c-470e-b15f-638ffba75785,-,Quality Control,High,"Marisela brought to my attention and asked whether the wedding dresses had already been approved for cleaning. She mentioned that she gave them to Sean on Friday, April 3rd to request approval. Today, I followed up with Sean, and he said that Jonni might have more information. When we checked the Bridger for a Cause account, we realized there was no communication requesting approval.",[],4/10/2026,Resolved
3/16/2026,3ef94c1d-6d70-4722-a667-33b08990b381,e53222f3-8a1c-470e-b15f-638ffba75785,-,Equipment / Maintenance,Low,Need to schedule a technician to come out and install the new belt into the washer,[],3/17/2026,Resolved
3/3/2026,201912ce-f2b9-445a-8112-9f63229cd484,e53222f3-8a1c-470e-b15f-638ffba75785,-,Equipment / Maintenance,High,"It was making a very unusual noise, as if it were spinning but not actually moving.",[],3/4/2026,Resolved
2/18/2026,201912ce-f2b9-445a-8112-9f63229cd484,e53222f3-8a1c-470e-b15f-638ffba75785,-,Staffing / Attendance,Med,Meeting with the Washbox night shift team.,[],2/19/2026,Resolved
7/16/2026,3ef94c1d-6d70-4722-a667-33b08990b381,26d76d5a-952d-43ad-9bae-ab02ef0bee50,-,Staffing / Attendance,Med,"Martina requested to leave at 2:40pm today so she came over at 12:45 to start bagging comforters, Unfortunetly due to the volume she wasn't able to complete all of them so I finished bagging the rest.",[],7/18/2026,Resolved
7/16/2026,3ef94c1d-6d70-4722-a667-33b08990b381,26d76d5a-952d-43ad-9bae-ab02ef0bee50,-,Customer / Account Impact,High,WB customer put a rubberback rug in Washer 3 which desintegrated and clogged the waher drain. I had to remove the drain valve underneath the washer to clean it out and free up the machine. Ran a rinse cycle and hot wash to test the washer and everything seems to be working normally now .,[],7/18/2026,Resolved
6/15/2026,37f3118a-7132-47da-a008-c5b2976e1bff,26d76d5a-952d-43ad-9bae-ab02ef0bee50,-,Staffing / Attendance,High,MArtina morning WB attendant called out,[],6/17/2026,Resolved
5/2/2026,201912ce-f2b9-445a-8112-9f63229cd484,26d76d5a-952d-43ad-9bae-ab02ef0bee50,-,Staffing / Attendance,Med,vicent call out so I had to go check how all the cleaning was.,[],5/4/2026,Resolved
4/27/2026,3ef94c1d-6d70-4722-a667-33b08990b381,26d76d5a-952d-43ad-9bae-ab02ef0bee50,-,Equipment / Maintenance,Med,New kiosk terminals arrived. Need to change out the old ones.,[],4/29/2026,Resolved
4/15/2026,3ef94c1d-6d70-4722-a667-33b08990b381,26d76d5a-952d-43ad-9bae-ab02ef0bee50,-,Equipment / Maintenance,Med,"2 soap compartments still have not come from LaundryLux, contacted Jacob to get tracking info. He does not have that on hand and has to call the office tomorrow to get it.",[],4/17/2026,Resolved
4/14/2026,201912ce-f2b9-445a-8112-9f63229cd484,26d76d5a-952d-43ad-9bae-ab02ef0bee50,-,Quality Control,High,"Serafin approached me and informed me that the client Nexus Housekeeping returned order number 26100-1829, stating that the items inside that order did not belong to them. After conducting the appropriate investigation (reviewing the cameras), I saw that the Washbox team made an error when packaging the order—they placed the items in the wrong bag.",[],4/16/2026,Resolved
4/13/2026,201912ce-f2b9-445a-8112-9f63229cd484,26d76d5a-952d-43ad-9bae-ab02ef0bee50,-,Staffing / Attendance,Med,"The Washbox team mentioned to me that yesterday, at the start of their shift, they noticed that the Washbox restroom was dirty, with urine and in very poor condition. They also reported that the washing machine filters were extremely dirty.",[],4/15/2026,Resolved
4/13/2026,201912ce-f2b9-445a-8112-9f63229cd484,26d76d5a-952d-43ad-9bae-ab02ef0bee50,-,Staffing / Attendance,Low,"Sean asked me about a piece of table linen or fabric that Cake Skincare uses like a curtain. I immediately reached out to both teams—the Washbox team and the night team—and both told me they did see some items like blankets, but they were sent out in the bags.",[],4/15/2026,Resolved
3/24/2026,201912ce-f2b9-445a-8112-9f63229cd484,26d76d5a-952d-43ad-9bae-ab02ef0bee50,-,Training & Skill Development,Low,"I also spoke with Jimmy about his updated schedule, as Martina will be stepping away from Washbox for about an hour to handle comforter assembly. He will be starting his shift at 2:00 pm.",[],3/26/2026,Resolved
3/24/2026,201912ce-f2b9-445a-8112-9f63229cd484,26d76d5a-952d-43ad-9bae-ab02ef0bee50,-,Training & Skill Development,Med,"I had a meeting with the Washbox team regarding the issue of scent in orders, as well as the changes being implemented for both the morning and evening WB shifts.

I explained Jimmy’s role, as he will be responsible for checking that the washer detergent compartments are free of any residue from previous customers. He will also be checking the dryers in advance and vacuuming them before use.",[],3/26/2026,Resolved
3/19/2026,201912ce-f2b9-445a-8112-9f63229cd484,26d76d5a-952d-43ad-9bae-ab02ef0bee50,-,Staffing / Attendance,Low,customer inssue,[],3/21/2026,Resolved
3/19/2026,201912ce-f2b9-445a-8112-9f63229cd484,26d76d5a-952d-43ad-9bae-ab02ef0bee50,-,Staffing / Attendance,Low,All 3 big dryers are down.,[],3/21/2026,Resolved
3/11/2026,3ef94c1d-6d70-4722-a667-33b08990b381,26d76d5a-952d-43ad-9bae-ab02ef0bee50,-,Equipment / Maintenance,Med,Will let Sean and I know that the lower card Kiosk at B is out of date,[],3/13/2026,Resolved
2/25/2026,3ef94c1d-6d70-4722-a667-33b08990b381,26d76d5a-952d-43ad-9bae-ab02ef0bee50,-,Quality Control,Med,Customer complaint of sheets not being returned clean looking,[],2/27/2026,Resolved
2/25/2026,3ef94c1d-6d70-4722-a667-33b08990b381,26d76d5a-952d-43ad-9bae-ab02ef0bee50,-,Quality Control,Med,Customer complaint of sheets not being returned clean looking,[],2/27/2026,Resolved
9/8/2026,f9401f5c-11cd-4e00-ab74-92575d9cf6b2,a6ad3266-1504-4599-88a6-2f97a300d788,-,Communication,Med,"Today at 5 p.m., we received 5 boxes of Armoire bags, and then at 6 p.m., we received 1.5 more boxes. ",[],9/10/2026,Resolved
8/25/2026,f9401f5c-11cd-4e00-ab74-92575d9cf6b2,a6ad3266-1504-4599-88a6-2f97a300d788,-,Process Deviation,High,"Today at 12:20 p.m., only one box of clothes from Armoire had arrived, so it was decided to give Josefina, Maria, and Erika the day off; however, at 3:44 p.m., three more boxes from Armoire arrived, so Maria had to be told to come to work.",[],8/27/2026,Resolved
8/10/2026,37f3118a-7132-47da-a008-c5b2976e1bff,a6ad3266-1504-4599-88a6-2f97a300d788,-,Staffing / Attendance,High,Liliana left early due to health issues,[],8/12/2026,Resolved
7/2/2026,37f3118a-7132-47da-a008-c5b2976e1bff,a6ad3266-1504-4599-88a6-2f97a300d788,-,Staffing / Attendance,Med,Koko Called out sick,[],7/4/2026,Resolved
6/30/2026,37f3118a-7132-47da-a008-c5b2976e1bff,a6ad3266-1504-4599-88a6-2f97a300d788,-,Staffing / Attendance,High,Kokok Called out,[],7/2/2026,Resolved
6/22/2026,3ef94c1d-6d70-4722-a667-33b08990b381,a6ad3266-1504-4599-88a6-2f97a300d788,-,Staffing / Attendance,Low,"Koko notified us she would be about 30 minutes, 30 minutes before her shift start time",[],6/24/2026,Resolved
6/3/2026,3ef94c1d-6d70-4722-a667-33b08990b381,a6ad3266-1504-4599-88a6-2f97a300d788,-,Staffing / Attendance,Med,Koko Called out,[],6/5/2026,Resolved
5/20/2026,3ef94c1d-6d70-4722-a667-33b08990b381,a6ad3266-1504-4599-88a6-2f97a300d788,-,Staffing / Attendance,Med,Koko called out again,[],5/22/2026,Resolved
5/12/2026,37f3118a-7132-47da-a008-c5b2976e1bff,a6ad3266-1504-4599-88a6-2f97a300d788,-,Process Deviation,High,"Poly Skirt with clip hangers, followed up with Carlos/Omar shared the picture and I told them to bring it up in their l10 today, with the whole team.",[],5/14/2026,Resolved
5/8/2026,3ef94c1d-6d70-4722-a667-33b08990b381,a6ad3266-1504-4599-88a6-2f97a300d788,-,Staffing / Attendance,Med,Liliana is coming tomorrow to help catch up and hang Armoire. Will be full OT Shift,[],5/10/2026,Resolved
5/4/2026,37f3118a-7132-47da-a008-c5b2976e1bff,a6ad3266-1504-4599-88a6-2f97a300d788,-,Staffing / Attendance,Med,Koko called out ,[],5/6/2026,Resolved
4/15/2026,37f3118a-7132-47da-a008-c5b2976e1bff,a6ad3266-1504-4599-88a6-2f97a300d788,-,Staffing / Attendance,Low,Koko called out ,[],4/17/2026,Resolved
4/13/2026,37f3118a-7132-47da-a008-c5b2976e1bff,a6ad3266-1504-4599-88a6-2f97a300d788,-,Staffing / Attendance,Med,"Carlos T, called out, Omar will be staying longer to do DC.",[],4/15/2026,Resolved
4/6/2026,37f3118a-7132-47da-a008-c5b2976e1bff,a6ad3266-1504-4599-88a6-2f97a300d788,-,Staffing / Attendance,Low,Koko Called out ,[],4/8/2026,Resolved
3/31/2026,f9401f5c-11cd-4e00-ab74-92575d9cf6b2,a6ad3266-1504-4599-88a6-2f97a300d788,-,Training & Skill Development,Med,"Together with Omar, I had a meeting with the Armoire team. I led an activity with them called “The Right Drawing,” in which one girl had to draw what her teammates told her she was seeing. The activity focused on communication and misinterpretations in different contexts. The girls showed great interest in the activity, and it helped us foster empathy regarding how to communicate between all of us. 
",[],4/2/2026,Resolved
3/24/2026,f9401f5c-11cd-4e00-ab74-92575d9cf6b2,a6ad3266-1504-4599-88a6-2f97a300d788,-,Training & Skill Development,Med,"I had a meeting with the Armoire team. Together with Omar, we discussed the importance of communication through group dynamics. We shared our expectations for creating a positive work environment, and we also informed them of the incentives that will be awarded to anyone who embodies and expresses each of Helna’s values. A brief meeting will be held every Tuesday so that staff can discuss the progress and improvements that have been made, all with the goal of aligning the team with Helena’s identity. 
",[],3/26/2026,Resolved
3/12/2026,f9401f5c-11cd-4e00-ab74-92575d9cf6b2,a6ad3266-1504-4599-88a6-2f97a300d788,-,Equipment / Maintenance,Med,Dry Clean machine 3 leaves clothes smelling like chemicals after running program 5.,[],3/14/2026,Resolved
3/4/2026,3ef94c1d-6d70-4722-a667-33b08990b381,a6ad3266-1504-4599-88a6-2f97a300d788,-,Process Deviation,Med,Armoire RFID Tunnel scanning items not inside the scanner,[],3/6/2026,Resolved
7/19/2026,201912ce-f2b9-445a-8112-9f63229cd484,adcd82c2-ddbf-4189-841c-0221ab669922,-,Staffing / Attendance,High,"At around 12:55 p.m., the Mark In team informed me that they had found an Astra Hotel guest order on the desk where Cindy usually works. They said they had not seen it earlier. I recommended that, to prevent this from happening again (this is already the third time), they should check all of the desks at the beginning of their shift. I then processed the order, and at around 1:30 p.m., Francisco had to deliver it.",[],7/21/2026,Resolved
7/12/2026,201912ce-f2b9-445a-8112-9f63229cd484,adcd82c2-ddbf-4189-841c-0221ab669922,-,Staffing / Attendance,Med,"When I went to ask the Mark In team if the hotel orders had already been marked in, I noticed they were markin each individual pair of underwear and each sock. I asked if they knew that they only needed to enter the quantity of each item instead of markin every piece individually. They said they were not aware of that, so I showed them the correct procedure.",[],7/14/2026,Resolved
6/8/2026,7b9f0fa6-26fb-449b-9946-632d8c6a57a8,adcd82c2-ddbf-4189-841c-0221ab669922,-,Process Deviation,Med,"Today, around 12:00 a.m., Abby asked me about the RJL Design order, as the note indicates that everything should be processed as Bulk DC. At that point, I noticed that Karla and Doricela had already detailed all of the items individually.

I spoke with them about what had happened and explained that neither of them had read the note. I asked them if they could please locate those garments so that this issue would not turn into a larger mistake.",[],6/10/2026,Resolved
5/14/2026,7b9f0fa6-26fb-449b-9946-632d8c6a57a8,adcd82c2-ddbf-4189-841c-0221ab669922,-,Staffing / Attendance,Med,"Today, at the beginning of the shift, I spoke with Abby about the importance of reading notes and properly opening orders.",[],5/16/2026,Resolved
5/12/2026,7b9f0fa6-26fb-449b-9946-632d8c6a57a8,adcd82c2-ddbf-4189-841c-0221ab669922,-,Equipment / Maintenance,High,The hot seals on my table and the table front asemble it aren't sealing properly.,[],5/14/2026,Resolved
4/14/2026,3ef94c1d-6d70-4722-a667-33b08990b381,adcd82c2-ddbf-4189-841c-0221ab669922,-,Process Deviation,Med,Post DC brought me a dress that was a finished Alt but saw safety pins still attached at the bottom of the dress. When I looked into the account in the customer notes the customer had said they have 2 dresses to shorten the straps at the pins and that one of the dresses also needed to be shortened at the pins. The Hem note was missed and not tagged or marked in the system. Was detailed by Cindy. I gave the dress to Sara and asked her to add the alt pink tag and inSMRT and scan to alts.,[],4/16/2026,Resolved
4/8/2026,7b9f0fa6-26fb-449b-9946-632d8c6a57a8,adcd82c2-ddbf-4189-841c-0221ab669922,-,Equipment / Maintenance,Med,"The camera at the last station, where Karla is assigned, is not working. When trying to calibrate it, it says it’s ready, but after exiting and attempting to take a photo, it doesn’t load.",[],4/10/2026,Resolved
4/5/2026,3ef94c1d-6d70-4722-a667-33b08990b381,adcd82c2-ddbf-4189-841c-0221ab669922,-,Customer / Account Impact,Med,Customer has 3 shirts they say shrunk. They do not have any care labels and there is a note on the account to always launder mens shirts unless otherwise noted. I also looked up the brand and it looks like they do either cotton or cotton blends so should have been fine laundered. Need to confirm with customer if these were ordered based on a size or if custom tailored as the website has the sizing.,[],4/7/2026,Resolved
3/30/2026,201912ce-f2b9-445a-8112-9f63229cd484,adcd82c2-ddbf-4189-841c-0221ab669922,-,Equipment / Maintenance,Med,Cindy reached out to inform me that the ticket printer connected to Karla’s computer was not working. It was showing an unusual error: “object has been destroyed for request: PrintPlugin:::print.” We have created a ticket so SMRT can review and resolve the issue.,[],4/1/2026,Resolved
3/29/2026,3ef94c1d-6d70-4722-a667-33b08990b381,adcd82c2-ddbf-4189-841c-0221ab669922,-,Process Deviation,Med,Mark-in did not include the room numbers for the Hotel Asta guests when detailing the tickets,[],3/31/2026,Resolved
3/10/2026,7b9f0fa6-26fb-449b-9946-632d8c6a57a8,adcd82c2-ddbf-4189-841c-0221ab669922,-,Staffing / Attendance,Med,spoke with the girls in the meeting about taking their proper breaks.,[],3/12/2026,Resolved
3/11/2026,3ef94c1d-6d70-4722-a667-33b08990b381,58c22525-e091-4d3d-8470-311ea75fa7a2,-,Customer / Account Impact,High,Andy Murphy Customer returned an 58c22525-e091-4d3d-8470-311ea75fa7a2 that wasn't completed but pink tags were ripped,[],3/13/2026,Resolved
5/13/2026,3ef94c1d-6d70-4722-a667-33b08990b381,c69e905b-76c4-435c-b456-94ea24a77db7,-,Staffing / Attendance,Med,Sandra left early becuase she said she was having an allergic reaction of some kind. She also notified Jonni,[],5/15/2026,Resolved
4/14/2026,201912ce-f2b9-445a-8112-9f63229cd484,c69e905b-76c4-435c-b456-94ea24a77db7,-,Training & Skill Development,Med,"While doing my walkthroughs on the floor, I noticed that the new assembly team member was having difficulty performing her tasks correctly. I approached to help and observed that she was handling the garments incorrectly by grabbing them from the shoulders. I explained that it’s important to handle them by the hangers to avoid undoing the work of the pressers. I spoke with Karina about who was training her; she mentioned that she is training her, but she is also training Marisela in couture and folding.",[],4/16/2026,Resolved
4/13/2026,3ef94c1d-6d70-4722-a667-33b08990b381,c69e905b-76c4-435c-b456-94ea24a77db7,-,Training & Skill Development,Med,Gavona was scanning items and at one point a group of hangers got stuck in front of her on the sensor. Edith was able to hit the emgerncy stop however not sure if this was caused by something Gavona did or if something else happened. I had to cut some hangers free and then remove several items from the conveyor so we can reinpect and switch out the hangers. ,[],4/15/2026,Resolved
4/4/2026,201912ce-f2b9-445a-8112-9f63229cd484,c69e905b-76c4-435c-b456-94ea24a77db7,-,Quality Control,Med,"Serafin reached out to me to let me know that the client, Alissa Sharp, who has a couture order, needed her order for today. When inspecting the order, I noticed that one blouse had odor in the underarms, and another blouse had a damaged button. I informed Jonni about these two issues, but it seems the client later mentioned that she would prefer to have it ready by Monday.   I left the order in the couture area.",[],4/6/2026,Resolved
8/16/2026,3ef94c1d-6d70-4722-a667-33b08990b381,d334c2c1-d181-4c63-b481-07b69f89f4ea,-,Staffing / Attendance,Med,Alejandra left at 12:30 as she was feeling sick,[],8/18/2026,Resolved
8/15/2026,3ef94c1d-6d70-4722-a667-33b08990b381,d334c2c1-d181-4c63-b481-07b69f89f4ea,-,Process Deviation,High,Casino not brought in until almost 9am. Serafin and Vince miscommunication about rush hotels,[],8/17/2026,Resolved
6/20/2026,201912ce-f2b9-445a-8112-9f63229cd484,d334c2c1-d181-4c63-b481-07b69f89f4ea,-,Staffing / Attendance,High,"I noticed that Liz was wearing slippers while working. I reminded her that, for safety reasons, employees are required to wear closed-toe shoes while on duty.

I asked if she could change her footwear, but she explained that she received a ride to work today and did not have any other shoes available.

I informed her that this would be addressed as a verbal warning and reminded her of the company's safety requirements. I also explained that if the issue occurs again, she will not be allowed to work until she has proper footwear, and the next corrective action will be a written warning.",[],6/22/2026,Resolved
4/18/2026,201912ce-f2b9-445a-8112-9f63229cd484,d334c2c1-d181-4c63-b481-07b69f89f4ea,-,Training & Skill Development,Med,"I created a SMRT code for Lizbeth: 001002. She also started tagging Casino items. The only things left to teach her are how to transfer garments and how to place the barcode correctly. For the pieces that came out, Elisha helped me tag them.",[],4/20/2026,Resolved
5/11/2026,3ef94c1d-6d70-4722-a667-33b08990b381,b6576035-2f2b-4f2f-82fa-bd7a057a608a,-,Training & Skill Development,Med,Liz came to me as she was missing a pair of shorts that a customer dropped on the way out and she had already called to let them know and to come pick them back up. We could not locate the shorts so I checked the camera. Liz had left them in the front and the customer came back when no one was in the front and grabbed them and left with only a quick word to Yanwen. Yanwen did not let Liz know and am not sure what the customer even may havesaid to Yanwen. I let Liz know this happened and she should call the customer back to confirm. I also let Liz know in the future that anything that falls should be given back to production so we can repress and return to the customer.,[],5/13/2026,Resolved
4/21/2026,3ef94c1d-6d70-4722-a667-33b08990b381,b6576035-2f2b-4f2f-82fa-bd7a057a608a,-,Process Deviation,Med,Lobby door was left open,[],4/23/2026,Resolved
5/8/2026,3ef94c1d-6d70-4722-a667-33b08990b381,f3499f5a-92a0-4d9c-b532-68fa1301ed26,-,Equipment / Maintenance,Med,DC #2 water seperator hose had a break in it so had to cut it and place back on. May need to replace with a longer pipe soon.,[],5/10/2026,Resolved
2/27/2026,3ef94c1d-6d70-4722-a667-33b08990b381,f3499f5a-92a0-4d9c-b532-68fa1301ed26,-,Volume / Forecasting,Med,High quantity of wedding dresses,[],3/1/2026,Resolved
2/25/2026,3ef94c1d-6d70-4722-a667-33b08990b381,f3499f5a-92a0-4d9c-b532-68fa1301ed26,-,Quality Control,Med,Stills haven't been cooking down all the way,[],2/27/2026,Resolved
8/1/2026,201912ce-f2b9-445a-8112-9f63229cd484,159bc2b7-001d-45d6-86e9-14819d337550,-,Equipment / Maintenance,Med,"As soon as I turned on the machine to press the aprons, water with a reddish color started coming out, which appeared to be rust. I took a video and sent it to Brandon. Sanjay repaired it and told me that the steam valve was loose. He also repaired the press, and it can now be used using the lever only.",[],8/3/2026,Resolved
5/31/2026,201912ce-f2b9-445a-8112-9f63229cd484,159bc2b7-001d-45d6-86e9-14819d337550,-,Equipment / Maintenance,High,"The #1 washer is leaking water internally and won't stop filling. I turned the washer off, but it continues to run water. I have shut off the water supply valve.",[],6/2/2026,Resolved
5/30/2026,201912ce-f2b9-445a-8112-9f63229cd484,159bc2b7-001d-45d6-86e9-14819d337550,-,Equipment / Maintenance,Low,i ran a 20 program and i will process to clean the still tomorrow ,[],6/1/2026,Resolved
5/24/2026,201912ce-f2b9-445a-8112-9f63229cd484,159bc2b7-001d-45d6-86e9-14819d337550,-,Equipment / Maintenance,High,"The old boiler triggered the high water alarm. I drained the water, but the alarm did not go away.",[],5/26/2026,Resolved
5/8/2026,3ef94c1d-6d70-4722-a667-33b08990b381,159bc2b7-001d-45d6-86e9-14819d337550,-,Equipment / Maintenance,High,New boiler went down at 7am and kept shutting off at ph42. Called Sanjay who said he was heading over soon and we could switch to the old boiler to resume operations by 7:40,[],5/10/2026,Resolved
4/25/2026,201912ce-f2b9-445a-8112-9f63229cd484,159bc2b7-001d-45d6-86e9-14819d337550,-,Equipment / Maintenance,Med,"I noticed that the computer on Erika’s side in Inspection has a cable sticking out; I tried to put it back in, but I couldn’t.",[],4/27/2026,Resolved
4/11/2026,201912ce-f2b9-445a-8112-9f63229cd484,159bc2b7-001d-45d6-86e9-14819d337550,-,Staffing / Attendance,Med,"Today I ran another test of program 5, this time using machines 1 and 2. I loaded puffy jackets, and both loads came out well with no odor. This leads me to believe that machine 3 still has an issue causing garments to come out with a smell.",[],4/13/2026,Resolved
4/28/2026,3ef94c1d-6d70-4722-a667-33b08990b381,9c151ba5-2bb4-466c-85ad-8e6bb90f05ea,-,Staffing / Attendance,Low,Santos 45 minute late to shift,[],4/30/2026,Resolved
4/21/2026,201912ce-f2b9-445a-8112-9f63229cd484,9c151ba5-2bb4-466c-85ad-8e6bb90f05ea,-,Staffing / Attendance,Med,"At the end of the shift, I noticed there were two hooks full of shirts for buttons, around 36 garments, so it was not possible to complete the orders.",[],4/23/2026,Resolved
4/5/2026,3ef94c1d-6d70-4722-a667-33b08990b381,9c151ba5-2bb4-466c-85ad-8e6bb90f05ea,-,Staffing / Attendance,Med,"Need to talk with Brandon to come up with a plan for this week with all the time off requests we have. Mericia Mon, Omar Mon-Wed, Maria Cabrera Wed-Fri, Nelly Thur-Fri,",[],4/7/2026,Resolved
4/5/2026,3ef94c1d-6d70-4722-a667-33b08990b381,9c151ba5-2bb4-466c-85ad-8e6bb90f05ea,-,Customer / Account Impact,Med,Pants on Redo Hook for iron marks on pants,[],4/7/2026,Resolved
4/4/2026,201912ce-f2b9-445a-8112-9f63229cd484,9c151ba5-2bb4-466c-85ad-8e6bb90f05ea,-,Staffing / Attendance,Med,"Zar reached out to me to let me know that the client, Carolina Montilla, had approved washing her coat yesterday, but it seems she needed it right away. I proceeded with the proper process and pressing, and I stayed in communication with Brandon to ensure it was done correctly. The order was left in the couture area since the client was expected to pick it up, but as of 4 PM, she had not arrived.",[],4/6/2026,Resolved
3/16/2026,3ef94c1d-6d70-4722-a667-33b08990b381,9c151ba5-2bb4-466c-85ad-8e6bb90f05ea,-,Quality Control,Med,Customer sent back 6 long sleeves that he claim shrunk,[],3/18/2026,Resolved
8/17/2026,201912ce-f2b9-445a-8112-9f63229cd484,9f94c322-9196-4524-b4c9-90aaa19cc883,-,Staffing / Attendance,Med,We are running out of the stickers from GE can we get more? ,[],8/19/2026,Resolved
7/14/2026,201912ce-f2b9-445a-8112-9f63229cd484,061c940a-3dba-4654-98cc-1a83be88cc46,-,Quality Control,Med,"Dylan, I left you a sport coat with a broken button. I also left the button on your desk so you can see if we have a similar replacement.",[],7/16/2026,Resolved
3/10/2026,3ef94c1d-6d70-4722-a667-33b08990b381,061c940a-3dba-4654-98cc-1a83be88cc46,-,Quality Control,Med,New spot tags to use,[],3/12/2026,Resolved
8/8/2026,201912ce-f2b9-445a-8112-9f63229cd484,a73dfbe3-1e93-4c2e-8a5d-0a9375d6c8b7,-,Training & Skill Development,Med,"I Updated the Casino SOP, add the way that we have to manage the aprons.",[],8/10/2026,Resolved
7/12/2026,201912ce-f2b9-445a-8112-9f63229cd484,a73dfbe3-1e93-4c2e-8a5d-0a9375d6c8b7,-,Invenasset,Med,"Yesterday I had an issue accessing InvenAsset, so I had to complete the full cleaning of the still today. However, the cleaning was performed yesterday as scheduled.",[],7/14/2026,Resolved
6/27/2026,201912ce-f2b9-445a-8112-9f63229cd484,a73dfbe3-1e93-4c2e-8a5d-0a9375d6c8b7,-,Staffing / Attendance,High,"Zar contacted me because Cake Skincare was asking about some WDF bags. Apparently, there was an event yesterday, and the drivers were unable to pick up any of the orders. Only one bag was ready, and that was the only one that was sent.",[],6/29/2026,Resolved
6/21/2026,201912ce-f2b9-445a-8112-9f63229cd484,a73dfbe3-1e93-4c2e-8a5d-0a9375d6c8b7,-,Equipment / Maintenance,High,I noticed that the key for the old container is cracked and appears to be close to breaking. It may need to be replaced soon to prevent access issues.,[],6/23/2026,Resolved
6/6/2026,201912ce-f2b9-445a-8112-9f63229cd484,a73dfbe3-1e93-4c2e-8a5d-0a9375d6c8b7,-,Staffing / Attendance,Med,Made 7 rush orders various hotels. ,[],6/8/2026,Resolved
5/31/2026,201912ce-f2b9-445a-8112-9f63229cd484,a73dfbe3-1e93-4c2e-8a5d-0a9375d6c8b7,-,Staffing / Attendance,High,"Zar contacted me around 3:00 PM and informed me that there was an order from Astra Hotel that needed to be completed immediately due to a special request from the customer. I proceeded to wash the items, and Emerson will be delivering the order to the hotel.",[],6/2/2026,Resolved
5/31/2026,201912ce-f2b9-445a-8112-9f63229cd484,a73dfbe3-1e93-4c2e-8a5d-0a9375d6c8b7,-,Staffing / Attendance,High,"Astra Hotel order #261517690 for Natalie in Room 805 included a special note stating that the order needed to be completed and delivered today because the guest would be checking out the next day. However, the order was processed with a delivery date of tomorrow, and the customer's special request was missed.",[],6/2/2026,Resolved
5/9/2026,201912ce-f2b9-445a-8112-9f63229cd484,a73dfbe3-1e93-4c2e-8a5d-0a9375d6c8b7,-,Safety / Risk,High,"While I was working on Casino, I did not notice that the driver had left the drivers’ entrance door completely open. Will arrived and brought this situation to my attention. I will be more careful moving forward, as we could be exposed to theft or damage from people not associated with Helenas.",[],5/11/2026,Resolved
4/28/2026,3ef94c1d-6d70-4722-a667-33b08990b381,a73dfbe3-1e93-4c2e-8a5d-0a9375d6c8b7,-,Training & Skill Development,Med,"Showed Carlos what do do when they find items in the pocket of Armoire. He needs to place the item in a SS bag, and write the barcode on the front and leave on Serafin's desk.",[],4/30/2026,Resolved
4/25/2026,201912ce-f2b9-445a-8112-9f63229cd484,a73dfbe3-1e93-4c2e-8a5d-0a9375d6c8b7,-,Safety / Risk,Med,"Today, when I arrived, I noticed that the door to Will’s office was open, so I immediately closed it.",[],4/27/2026,Resolved
4/22/2026,3ef94c1d-6d70-4722-a667-33b08990b381,a73dfbe3-1e93-4c2e-8a5d-0a9375d6c8b7,-,SMRT ,Med,"Created KPI Racked to Buttons to keep track of all items scanned to that location. includingwhen they were scanned there, and the due date. Added to Brandon, Omar, Mericia and myself.",[],4/24/2026,Resolved
4/15/2026,3ef94c1d-6d70-4722-a667-33b08990b381,a73dfbe3-1e93-4c2e-8a5d-0a9375d6c8b7,-,Training & Skill Development,Med,Went over Paycom punches with Omar and what need to be looked for and pointed out to Brandon. He will do Wednesdays punches tomorrow and on Friday I will review what he sent us and verify the accuracy.,[],4/17/2026,Resolved
4/8/2026,3ef94c1d-6d70-4722-a667-33b08990b381,a73dfbe3-1e93-4c2e-8a5d-0a9375d6c8b7,-,Equipment / Maintenance,Med,Sara asked me to help set up a new keyboard on the mark-in computer. Got it connected intially but then stopped working when mark-in came in. Could not get it to reconnect ao switched back to old keyboard and left new one on Sara's desk in the office.,[],4/10/2026,Resolved
3/28/2026,201912ce-f2b9-445a-8112-9f63229cd484,a73dfbe3-1e93-4c2e-8a5d-0a9375d6c8b7,-,Staffing / Attendance,Med,"Jonni contacted me saying that Delta needed the order today at 12 PM. It was completed and Kevin delivered it. Afterwards, Kevin called me and said he picked up more napkins from Delta that they need by Monday.",[],3/30/2026,Resolved
3/23/2026,3ef94c1d-6d70-4722-a667-33b08990b381,a73dfbe3-1e93-4c2e-8a5d-0a9375d6c8b7,-,Invenasset,Med,"Charged for drums of Aktiv, Apret and Citro but only received the jugs",[],3/25/2026,Resolved
3/16/2026,201912ce-f2b9-445a-8112-9f63229cd484,a73dfbe3-1e93-4c2e-8a5d-0a9375d6c8b7,-,Staffing / Attendance,Med,smrt clock out,[],3/18/2026,Resolved
3/2/2026,201912ce-f2b9-445a-8112-9f63229cd484,a73dfbe3-1e93-4c2e-8a5d-0a9375d6c8b7,-,Staffing / Attendance,Low,Meeting with Mericia,[],3/4/2026,Resolved
2/28/2026,201912ce-f2b9-445a-8112-9f63229cd484,a73dfbe3-1e93-4c2e-8a5d-0a9375d6c8b7,-,Training & Skill Development,Low,Lizbeth had improved performance.,[],3/2/2026,Resolved
2/27/2026,3ef94c1d-6d70-4722-a667-33b08990b381,a73dfbe3-1e93-4c2e-8a5d-0a9375d6c8b7,-,Invenasset,Low,New slip mats came in and sending the wrong ones back ,[],3/1/2026,Resolved
2/25/2026,3ef94c1d-6d70-4722-a667-33b08990b381,a73dfbe3-1e93-4c2e-8a5d-0a9375d6c8b7,-,Customer / Account Impact,Low,Jonni let me know about a Rag and Bone package being delivered today or tomorrow,[],2/27/2026,Resolved
6/6/2026,201912ce-f2b9-445a-8112-9f63229cd484,eaa37ea2-ea7c-4e05-84b4-0551747ce3ce,-,Metalprogetti,High,"The bagging machine continued dropping garments throughout the shift. It was not happening consistently with every order, but only in specific cases. The issue remains intermittent and appears to affect certain garments as they pass through the machine.",[],6/8/2026,Resolved
4/20/2026,3ef94c1d-6d70-4722-a667-33b08990b381,eaa37ea2-ea7c-4e05-84b4-0551747ce3ce,-,Training & Skill Development,Med,Getting list of error messages for the bagger to create a training checklist to teach new employees .,[],4/22/2026,Resolved
3/30/2026,3ef94c1d-6d70-4722-a667-33b08990b381,c9280f5b-66d1-4ff3-a37f-71252855048a,-,Staffing / Attendance,Low,Evelyn Called out,[],4/1/2026,Resolved
3/8/2026,3ef94c1d-6d70-4722-a667-33b08990b381,38c2d13e-a2f2-40c9-ad6c-b8260cc2ec5a,-,Equipment / Maintenance,Med,The lock for the middle lint door is not locking,[],3/10/2026,Resolved
3/9/2026,201912ce-f2b9-445a-8112-9f63229cd484,e53222f3-8a1c-470e-b15f-638ffba75785,-,Process Deviation,Med,Laundry Shirt,[],3/11/2026,Resolved
2/25/2026,201912ce-f2b9-445a-8112-9f63229cd484,e53222f3-8a1c-470e-b15f-638ffba75785,-,Quality Control,Low,"Ann Morse, Customer ",[],2/27/2026,Resolved
6/8/2026,201912ce-f2b9-445a-8112-9f63229cd484,26d76d5a-952d-43ad-9bae-ab02ef0bee50,-,Staffing / Attendance,Med,"The WB ladies are requesting if is possible to turn it off the music at WB, or puting the volumen a lil down. ",[],6/11/2026,Resolved
5/1/2026,3ef94c1d-6d70-4722-a667-33b08990b381,26d76d5a-952d-43ad-9bae-ab02ef0bee50,-,Staffing / Attendance,Low,Jimmy called out,[],5/4/2026,Resolved
5/1/2026,37f3118a-7132-47da-a008-c5b2976e1bff,26d76d5a-952d-43ad-9bae-ab02ef0bee50,-,Staffing / Attendance,Low,Martina Called out ,[],5/4/2026,Resolved
3/24/2026,201912ce-f2b9-445a-8112-9f63229cd484,26d76d5a-952d-43ad-9bae-ab02ef0bee50,-,Training & Skill Development,Med,"After a meeting with Brandon, Dylan, and myself, we decided that Martina will be the person designated to handle comforter assembly. Today, I had the first training session with her, covering stain identification, the assembly process, and how to address wrinkling in comforters. I will continue the training tomorrow.",[],3/27/2026,Resolved
3/1/2026,3ef94c1d-6d70-4722-a667-33b08990b381,26d76d5a-952d-43ad-9bae-ab02ef0bee50,-,Equipment / Maintenance,Low,Key was broken off inside the bulkhead between the small washers,[],3/4/2026,Resolved
2/24/2026,201912ce-f2b9-445a-8112-9f63229cd484,26d76d5a-952d-43ad-9bae-ab02ef0bee50,-,Staffing / Attendance,Low,Jimmy Called me for help ,[],2/27/2026,Resolved
7/29/2026,37f3118a-7132-47da-a008-c5b2976e1bff,a6ad3266-1504-4599-88a6-2f97a300d788,-,Staffing / Attendance,High,koko called out,[],8/1/2026,Resolved
7/24/2026,3ef94c1d-6d70-4722-a667-33b08990b381,a6ad3266-1504-4599-88a6-2f97a300d788,-,Training & Skill Development,Low,Created a SMRT login for Carlos for his Mark-in training,[],7/27/2026,Resolved
7/15/2026,3ef94c1d-6d70-4722-a667-33b08990b381,a6ad3266-1504-4599-88a6-2f97a300d788,-,Staffing / Attendance,Med,Koko let Omar know last night that she had time off today. However there was no request made in Paycom,[],7/18/2026,Resolved
7/1/2026,3ef94c1d-6d70-4722-a667-33b08990b381,a6ad3266-1504-4599-88a6-2f97a300d788,-,Staffing / Attendance,Med,Koko Called out sick again,[],7/4/2026,Resolved
5/29/2026,f9401f5c-11cd-4e00-ab74-92575d9cf6b2,a6ad3266-1504-4599-88a6-2f97a300d788,-,Equipment / Maintenance,High,"Today, DC Machine 3 triggered an oil check warning. I contacted Brandon to try to resolve the issue, but we were unsuccessful. As a result, I was unable to run Program 20 or wash on long cycles. I notified Brandon and Omar so they could follow up on this tomorrow.",[],6/1/2026,Resolved
5/19/2026,3ef94c1d-6d70-4722-a667-33b08990b381,a6ad3266-1504-4599-88a6-2f97a300d788,-,Staffing / Attendance,Med,Koko caled out,[],5/22/2026,Resolved
5/11/2026,3ef94c1d-6d70-4722-a667-33b08990b381,a6ad3266-1504-4599-88a6-2f97a300d788,-,Staffing / Attendance,Low,Lizbeth Called out,[],5/14/2026,Resolved
5/7/2026,3ef94c1d-6d70-4722-a667-33b08990b381,a6ad3266-1504-4599-88a6-2f97a300d788,-,Training & Skill Development,Low,Helped Elena fill out I9,[],5/10/2026,Resolved
5/7/2026,f9401f5c-11cd-4e00-ab74-92575d9cf6b2,a6ad3266-1504-4599-88a6-2f97a300d788,-,Staffing / Attendance,Low,"Hoy le he explicado a Helena con todo detalle cómo tender la ropa; la he ayudado a tenderla y he respondido a sus preguntas. Además, esta tarde la he dejado hacer la colada con Erika. A lo largo de la próxima semana, recopilaré todas las dudas que tenga y hablaré con ella para ver cómo le va la semana de orientación. ",[],5/10/2026,Resolved
4/24/2026,3ef94c1d-6d70-4722-a667-33b08990b381,a6ad3266-1504-4599-88a6-2f97a300d788,-,Staffing / Attendance,Med,Koko called out ,[],4/27/2026,Resolved
4/21/2026,3ef94c1d-6d70-4722-a667-33b08990b381,a6ad3266-1504-4599-88a6-2f97a300d788,-,Staffing / Attendance,Med,Koko called out,[],4/24/2026,Resolved
4/17/2026,3ef94c1d-6d70-4722-a667-33b08990b381,a6ad3266-1504-4599-88a6-2f97a300d788,-,Staffing / Attendance,Med,Koko called out,[],4/20/2026,Resolved
4/3/2026,37f3118a-7132-47da-a008-c5b2976e1bff,a6ad3266-1504-4599-88a6-2f97a300d788,-,Staffing / Attendance,Low,Koko Called out ,[],4/6/2026,Resolved
4/3/2026,3ef94c1d-6d70-4722-a667-33b08990b381,a6ad3266-1504-4599-88a6-2f97a300d788,-,Staffing / Attendance,Low,Genesis called out,[],4/6/2026,Resolved
3/3/2026,201912ce-f2b9-445a-8112-9f63229cd484,a6ad3266-1504-4599-88a6-2f97a300d788,-,Staffing / Attendance,Low,Wet clean garment bins.,[],3/6/2026,Resolved
9/8/2026,7b9f0fa6-26fb-449b-9946-632d8c6a57a8,adcd82c2-ddbf-4189-841c-0221ab669922,-,Equipment / Maintenance,High,"The hot seal next to the door is not working properly. It keeps getting stuck.
",[],9/11/2026,Resolved
5/9/2026,201912ce-f2b9-445a-8112-9f63229cd484,adcd82c2-ddbf-4189-841c-0221ab669922,-,Staffing / Attendance,Low,made 3 rush orders from astra hotel guest. one of them was wrong detailed by Doris she forgot to put de guest name and the room number,[],5/12/2026,Resolved
5/4/2026,7b9f0fa6-26fb-449b-9946-632d8c6a57a8,adcd82c2-ddbf-4189-841c-0221ab669922,-,Staffing / Attendance,Low,"Serafin called me at 5:20 pm saying that Karla sent him a direct message that a driver took a bin she was using. Serafin told me that he told her to let me know, that if anything happened she should inform me, but she didn’t tell me anything.",[],5/7/2026,Resolved
3/31/2026,7b9f0fa6-26fb-449b-9946-632d8c6a57a8,adcd82c2-ddbf-4189-841c-0221ab669922,-,Staffing / Attendance,Med,"Yesterday, around 11, some rush wash-and-fold orders came out in the blue bin where the red bags go, at the bottom. They had been left there on Sunday around 2:15.",[],4/3/2026,Resolved
6/19/2026,3ef94c1d-6d70-4722-a667-33b08990b381,c69e905b-76c4-435c-b456-94ea24a77db7,-,Equipment / Maintenance,Med,Installed new shirt folding machine in IAB. Need to train morning staff on how to use,[],6/22/2026,Resolved
5/1/2026,3ef94c1d-6d70-4722-a667-33b08990b381,c69e905b-76c4-435c-b456-94ea24a77db7,-,Staffing / Attendance,Med,Karina called out,[],5/4/2026,Resolved
3/27/2026,3ef94c1d-6d70-4722-a667-33b08990b381,c69e905b-76c4-435c-b456-94ea24a77db7,-,Safety / Risk,Med,Karina fell in the back of assembly area. She says she is ok but is heading home a little bit early. Cassie has the time of incident and is caught on the camera. Sean says he will follow up with a form.,[],3/30/2026,Resolved
5/9/2026,201912ce-f2b9-445a-8112-9f63229cd484,b6576035-2f2b-4f2f-82fa-bd7a057a608a,-,Staffing / Attendance,Med,"Zar contacted me to let me know that order 20890295 needed to be delivered on Sunday because the customer had already checked out of the hotel and we still had one pending garment to deliver. The order was originally due for Monday, so I had to search for it inside the bin in order to process it.",[],5/12/2026,Resolved
4/10/2026,3ef94c1d-6d70-4722-a667-33b08990b381,b6576035-2f2b-4f2f-82fa-bd7a057a608a,-,Process Deviation,Med,Front door left open and NTC rail was left next to markin desk. Lizbeth and or Sara never let me know they were leaving  so did not know we were unattended and helped at the counter,[],4/13/2026,Resolved
4/10/2026,3ef94c1d-6d70-4722-a667-33b08990b381,b6576035-2f2b-4f2f-82fa-bd7a057a608a,-,Process Deviation,High,Was scanning items to Alts and noticed only 2 items were scanned under the barcode. No one has been racking the the alts to the alt rail. I went through and scanned all the pieces but since there is so many alts I beilieve this is both Sara and  Elizabeth who aren't scanning.,[],4/13/2026,Resolved
4/3/2026,3ef94c1d-6d70-4722-a667-33b08990b381,b6576035-2f2b-4f2f-82fa-bd7a057a608a,-,Process Deviation,Med,Sara accepted a late Same day for Saturday without confirming first with Production. Accepted a childrens dress to clean and press after 2pm. Came to ask about a pair of pants as well after 2:30 which I approved we could do by tomorrow. She was under the impression that we can accept any samedays until 2pm instead of 12pm.,[],4/6/2026,Resolved
5/4/2026,201912ce-f2b9-445a-8112-9f63229cd484,30642f55-bf46-490f-a9f9-806424c44a31,-,Invenasset,Med,"I tried to place the supplies order, but I don’t have access to certain tools.",[],5/7/2026,Resolved
5/7/2026,3ef94c1d-6d70-4722-a667-33b08990b381,f3499f5a-92a0-4d9c-b532-68fa1301ed26,-,Process Deviation,Med,"Will pointed out that by 9:40 Am, Gabriel had not dumped the still waste from machine 2 and was sitting in bags under the still. Pointed it out to Gabriel and he said he would toss it. However did not explain why it was still there and not dumped this morning.",[],5/10/2026,Resolved
6/30/2026,3ef94c1d-6d70-4722-a667-33b08990b381,159bc2b7-001d-45d6-86e9-14819d337550,-,Equipment / Maintenance,Med,Removed the insulation from around the Reducing valve and does appear to be leaking from the base of the valve. Not sure if those are ale to be opened and cleanedor if we need to replace.,[],7/3/2026,Resolved
4/17/2026,3ef94c1d-6d70-4722-a667-33b08990b381,159bc2b7-001d-45d6-86e9-14819d337550,-,Equipment / Maintenance,Med,"i turned off washer number 4, it spun someones wash for over 30 minutes without actually washing it and said ""weighing"" the whole time",[],4/20/2026,Resolved
4/17/2026,3ef94c1d-6d70-4722-a667-33b08990b381,159bc2b7-001d-45d6-86e9-14819d337550,-,Equipment / Maintenance,Med,"Will pointed out an issue with the grease color in the double buck. brandon and I will readd White lithium grease when it arrives. I have also created maintenance tasks in Invenasset for Monthly Greasing of both shirt bucks, chicago iron and washer 1",[],4/20/2026,Resolved
4/14/2026,3ef94c1d-6d70-4722-a667-33b08990b381,159bc2b7-001d-45d6-86e9-14819d337550,-,Equipment / Maintenance,High,Dryer 3 is not working. the motor is on but the drum isn't turning. Think it is the belt that came off as this is the dryer Austin told us was fraying. Need to purchase the belt however we need more in the order for a minimum purchase ,[],4/17/2026,Resolved
3/28/2026,201912ce-f2b9-445a-8112-9f63229cd484,159bc2b7-001d-45d6-86e9-14819d337550,-,Equipment / Maintenance,High,wasn’t able to turn on Boiler 1; it showed the same errors as last week. I contacted Brandon and sent him photos—he will reach out to SNAJ.,[],3/31/2026,Resolved
7/28/2026,201912ce-f2b9-445a-8112-9f63229cd484,9c151ba5-2bb4-466c-85ad-8e6bb90f05ea,-,Process Deviation,High,"Today around midday, there was some confusion with the hotel rush orders, especially those that included underwear and socks. Because these small items can easily be misplaced during processing, I spoke with Cindy about implementing a consistent procedure.

Effective immediately, all underwear and socks from hotel rush orders should be placed on top of the first washer until they are ready to be processed. This designated location will help keep these items together, reduce the risk of them being lost, and make them easier for the team to locate during production.",[],7/31/2026,Resolved
7/15/2026,3ef94c1d-6d70-4722-a667-33b08990b381,9c151ba5-2bb4-466c-85ad-8e6bb90f05ea,-,Staffing / Attendance,Low,Raquel asked to leave an hour early at 11am tomorrow and Friday for an appointment ,[],7/18/2026,Resolved
6/19/2026,3ef94c1d-6d70-4722-a667-33b08990b381,9c151ba5-2bb4-466c-85ad-8e6bb90f05ea,-,Staffing / Attendance,Med,Raquel had to leave at 11 for a meeting/appointment with her son,[],6/22/2026,Resolved
6/19/2026,3ef94c1d-6d70-4722-a667-33b08990b381,9c151ba5-2bb4-466c-85ad-8e6bb90f05ea,-,Staffing / Attendance,Med,Alex came in 30 minutes early to cover Maria but he also had to leave by 2:20 pm for an appointment,[],6/22/2026,Resolved
6/19/2026,3ef94c1d-6d70-4722-a667-33b08990b381,9c151ba5-2bb4-466c-85ad-8e6bb90f05ea,-,Volume / Forecasting,Med,Due to high volume of DC I kept Santos and Nelly a little later to help finish and leave less for Carlos as there are 3 wedding dresses that needed to be press for Monday,[],6/22/2026,Resolved
5/7/2026,3ef94c1d-6d70-4722-a667-33b08990b381,9c151ba5-2bb4-466c-85ad-8e6bb90f05ea,-,Staffing / Attendance,Med,Had to leave Luis and Juana longer to help finish Delta and Washington State Fair.,[],5/10/2026,Resolved
5/1/2026,3ef94c1d-6d70-4722-a667-33b08990b381,9c151ba5-2bb4-466c-85ad-8e6bb90f05ea,-,Staffing / Attendance,Med,Brenda called out again last night,[],5/4/2026,Resolved
4/3/2026,37f3118a-7132-47da-a008-c5b2976e1bff,9c151ba5-2bb4-466c-85ad-8e6bb90f05ea,-,Staffing / Attendance,Low,Juana Called out,[],4/6/2026,Resolved
7/29/2026,37f3118a-7132-47da-a008-c5b2976e1bff,061c940a-3dba-4654-98cc-1a83be88cc46,-,Staffing / Attendance,High,Edith Called out,[],8/1/2026,Resolved
4/24/2026,38415b1a-3ed4-42ac-8fce-62f64525cdd7,061c940a-3dba-4654-98cc-1a83be88cc46,-,Quality Control,Med,"Sweaters being hung on hange, not folded over hanger. Items 20843430 and 20843436",[],4/27/2026,Resolved
7/15/2026,201912ce-f2b9-445a-8112-9f63229cd484,a73dfbe3-1e93-4c2e-8a5d-0a9375d6c8b7,-,Staffing / Attendance,Med,"Since Alma will not be here on Friday and Zaydi was asked to cover her position, Lidia mentioned that she doesn't have much experience at the SAM station. She asked if it would be possible to reconsider the assignment or switch her with someone else.",[],7/18/2026,Resolved
6/20/2026,201912ce-f2b9-445a-8112-9f63229cd484,a73dfbe3-1e93-4c2e-8a5d-0a9375d6c8b7,-,Staffing / Attendance,High, ,[],6/23/2026,Resolved
6/8/2026,201912ce-f2b9-445a-8112-9f63229cd484,a73dfbe3-1e93-4c2e-8a5d-0a9375d6c8b7,-,Staffing / Attendance,Med,"I spoke with the night shift team about the new employee handbook. The main topics discussed were sick time, tardiness, and attendance. I asked everyone to read and sign the handbook no later than tomorrow.",[],6/11/2026,Resolved
5/11/2026,3ef94c1d-6d70-4722-a667-33b08990b381,a73dfbe3-1e93-4c2e-8a5d-0a9375d6c8b7,-,Invenasset,Med,"Went through with Omar thewhole process of marking in deliveries and usages, and how to properly order and transfer supplies",[],5/14/2026,Resolved
5/8/2026,3ef94c1d-6d70-4722-a667-33b08990b381,a73dfbe3-1e93-4c2e-8a5d-0a9375d6c8b7,-,Training & Skill Development,Med,Not clocking out for breaks today to test Paycom notifications and alerts,[],5/11/2026,Resolved
4/24/2026,3ef94c1d-6d70-4722-a667-33b08990b381,a73dfbe3-1e93-4c2e-8a5d-0a9375d6c8b7,-,Equipment / Maintenance,Low,Left the 20 gal bucket for Jonni,[],4/27/2026,Resolved
4/17/2026,3ef94c1d-6d70-4722-a667-33b08990b381,a73dfbe3-1e93-4c2e-8a5d-0a9375d6c8b7,-,Invenasset,Low,Austin will send me his email so I can get him added to Invenasset and can see how thisworks for a maintenance account,[],4/20/2026,Resolved
4/14/2026,3ef94c1d-6d70-4722-a667-33b08990b381,a73dfbe3-1e93-4c2e-8a5d-0a9375d6c8b7,-,Training & Skill Development,Med,"Taught Carlos how to input Armoire numbers from the written paper. He will still leave them in Brandon's mailbox so I can verify everything is correct. He will input, Friday's , Monday and tonights numbers as practice.",[],4/17/2026,Resolved
4/7/2026,3ef94c1d-6d70-4722-a667-33b08990b381,a73dfbe3-1e93-4c2e-8a5d-0a9375d6c8b7,-,Invenasset,Med,Created Task for Water meter pictures and need to be reviewed to see if this is how we would like to proceed in the future.,[],4/10/2026,Resolved
3/3/2026,3ef94c1d-6d70-4722-a667-33b08990b381,a73dfbe3-1e93-4c2e-8a5d-0a9375d6c8b7,-,Process Deviation,Low,Possibly using incorrect detergent programs for DC,[],3/6/2026,Resolved
4/17/2026,3ef94c1d-6d70-4722-a667-33b08990b381,eaa37ea2-ea7c-4e05-84b4-0551747ce3ce,-,Equipment / Maintenance,Med,Switched out the sensor on the Metalprogetti. I tested regular items and were loaded correctly however didn't have any casino to test. may need some small adjustments to get centered correctly.,[],4/20/2026,Resolved
5/11/2026,37f3118a-7132-47da-a008-c5b2976e1bff,b386013a-4b9d-4f8b-8b8c-1b59d1442695,-,Quality Control,High,"Noticed Inspection numbers were low for shirts I followed up with shirts and inspection, they mentioned they were having problems with the sleeves, I replaced all of the pads for the shirts sleves, I will monitor this weeks numbers, Erica mentioned she was doing more touch up, I brought in Mericia so she is aware of this as well",[],5/14/2026,Resolved
7/3/2026,3ef94c1d-6d70-4722-a667-33b08990b381,b1d7e774-9b25-40ce-9a4e-59e6262315a2,-,Staffing / Attendance,Med,Mari called out sick,[],7/6/2026,Resolved
4/24/2026,3ef94c1d-6d70-4722-a667-33b08990b381,38c2d13e-a2f2-40c9-ad6c-b8260cc2ec5a,-,Equipment / Maintenance,Low,Replaced the slick tape on the loading arm for the PFF,[],4/27/2026,Resolved
3/8/2026,3ef94c1d-6d70-4722-a667-33b08990b381,38c2d13e-a2f2-40c9-ad6c-b8260cc2ec5a,-,Equipment / Maintenance,Med,Converter may not be going fast enough on steam tunnel,[],3/11/2026,Resolved
4/3/2026,37f3118a-7132-47da-a008-c5b2976e1bff,e53222f3-8a1c-470e-b15f-638ffba75785,-,Staffing / Attendance,Low,Lupita called out,[],4/6/2026,Resolved
2/21/2026,201912ce-f2b9-445a-8112-9f63229cd484,e53222f3-8a1c-470e-b15f-638ffba75785,-,Staffing / Attendance,Low,Today the day was delayed due to several factors.,[],2/24/2026,Resolved
6/1/2026,3ef94c1d-6d70-4722-a667-33b08990b381,26d76d5a-952d-43ad-9bae-ab02ef0bee50,-,Staffing / Attendance,Med,Jimmy called out of WB,[],6/5/2026,Resolved
4/20/2026,201912ce-f2b9-445a-8112-9f63229cd484,26d76d5a-952d-43ad-9bae-ab02ef0bee50,-,Staffing / Attendance,Med,"Regarding the conversation I had with Brandon about the alarm today at 12:21, the team mentioned that they did not enter at that time. They said they only entered at 8:00 and again around 3:00 AM.",[],4/24/2026,Resolved
4/3/2026,3ef94c1d-6d70-4722-a667-33b08990b381,26d76d5a-952d-43ad-9bae-ab02ef0bee50,-,Staffing / Attendance,Low,Jimmy called out,[],4/7/2026,Resolved
3/6/2026,201912ce-f2b9-445a-8112-9f63229cd484,26d76d5a-952d-43ad-9bae-ab02ef0bee50,-,Quality Control,Low,Updating WDF  SOP ,[],3/10/2026,Resolved
9/11/2026,f9401f5c-11cd-4e00-ab74-92575d9cf6b2,a6ad3266-1504-4599-88a6-2f97a300d788,-,Communication,Med,Liliana had to leave at 8:10 p.m. because of a family emergency,[],9/15/2026,Resolved
7/16/2026,3ef94c1d-6d70-4722-a667-33b08990b381,a6ad3266-1504-4599-88a6-2f97a300d788,-,Staffing / Attendance,Low,Koko messaged Oma 20 minutes before her shift start time that she would be late,[],7/20/2026,Resolved
6/18/2026,3ef94c1d-6d70-4722-a667-33b08990b381,a6ad3266-1504-4599-88a6-2f97a300d788,-,Staffing / Attendance,Low,Koko called out,[],6/22/2026,Resolved
6/11/2026,f9401f5c-11cd-4e00-ab74-92575d9cf6b2,a6ad3266-1504-4599-88a6-2f97a300d788,-,Process Deviation,High,"We didn't collect the 2,000 items Armoire requested today; we received 3.5 boxes to sort through and sent as many garments as possible. That's why I told the girls they had to leave two hours before their scheduled departure time. By the end of the day, we had collected 1,901 items. ",[],6/15/2026,Resolved
4/30/2026,3ef94c1d-6d70-4722-a667-33b08990b381,a6ad3266-1504-4599-88a6-2f97a300d788,-,Staffing / Attendance,High,Marcela 2nd day no call no show,[],5/4/2026,Resolved
4/27/2026,f9401f5c-11cd-4e00-ab74-92575d9cf6b2,a6ad3266-1504-4599-88a6-2f97a300d788,-,Training & Skill Development,Med,"Today I spoke with the staff at Grand Events and the women who hang the clothes. I shared with them the guidelines and instructions we need to follow when inspecting the clothing, gave them some examples, and helped them with their questions throughout the day. Tomorrow I’ll have another meeting with the entire team to hear their perspectives and gather information that will be useful to us. ",[],5/1/2026,Resolved
4/10/2026,3ef94c1d-6d70-4722-a667-33b08990b381,a6ad3266-1504-4599-88a6-2f97a300d788,-,Staffing / Attendance,Med,Koko let us know she would be late less than 10 minutes before her start time. She said she was at an appointment that she never notified us about,[],4/14/2026,Resolved
3/18/2026,3ef94c1d-6d70-4722-a667-33b08990b381,a6ad3266-1504-4599-88a6-2f97a300d788,-,Housekeeping / Standards,Med,Jonni needs a report on if Fedex comes to pick the pallet of cardboard boxes up tonight or not.,[],3/22/2026,Resolved
2/23/2026,201912ce-f2b9-445a-8112-9f63229cd484,a6ad3266-1504-4599-88a6-2f97a300d788,-,Staffing / Attendance,Low,Meeting with Lizbeth,[],2/27/2026,Resolved
8/17/2026,7b9f0fa6-26fb-449b-9946-632d8c6a57a8,adcd82c2-ddbf-4189-841c-0221ab669922,-,Equipment / Maintenance,High,"While I was doing the detailing, I noticed that my hot seal is having difficulty sticking the barcodes to the tags and on shirt laundry. I hadn’t noticed this until today. When I apply the barcode, as soon as the piston lifts, the barcode does not stick to the tag—it sticks to the Teflon instead. I have to apply it twice for it to properly stay on the garment.

I’m not sure if this could be causing garments to come out without barcodes, since I have been making sure to apply them properly.",[],8/21/2026,Resolved
3/25/2026,38415b1a-3ed4-42ac-8fce-62f64525cdd7,c69e905b-76c4-435c-b456-94ea24a77db7,-,Staffing / Attendance,Low,Isabel has 2 paycom forms to sign ,[],3/29/2026,Resolved
3/27/2026,3ef94c1d-6d70-4722-a667-33b08990b381,b6576035-2f2b-4f2f-82fa-bd7a057a608a,-,Process Deviation,Med,Kiosk conveyor cleaning for LQA and NP were not marked as completed in Invenasset. Need to follow up with Zar and Sara to make sure these were completed and that they remember to mark off in Invenasset,[],3/31/2026,Resolved
2/23/2026,3ef94c1d-6d70-4722-a667-33b08990b381,f3499f5a-92a0-4d9c-b532-68fa1301ed26,-,Equipment / Maintenance,Med,Middle machine still is not reaching the optimal heating tempurture,[],2/27/2026,Resolved
7/20/2026,201912ce-f2b9-445a-8112-9f63229cd484,159bc2b7-001d-45d6-86e9-14819d337550,-,Equipment / Maintenance,Med,"The technician came to repair the Assembly gate. He said everything was working properly. The only issue he found was that, for some reason, the sensors had become misaligned—one of them was pointing toward the floor. That was why the gate would not close.

He adjusted and tightened the sensor mounts to secure them in place.

He recommended installing a small cover or box to help prevent the sensors from getting knocked out of alignment again.

He also explained that if this happens again, we should press and hold the down button for 10–15 seconds, and the gate should close even if the sensor is blocked.",[],7/24/2026,Resolved
7/17/2026,3ef94c1d-6d70-4722-a667-33b08990b381,159bc2b7-001d-45d6-86e9-14819d337550,-,Equipment / Maintenance,High,Assembly garage door is broken and won't go down. Had to manually close. Called Cressy and they will be by Monday to take a look. messaged all leads and managers to notify departments about not using the door,[],7/21/2026,Resolved
6/29/2026,e9867431-9297-44d0-9f67-8e8b158aa847,159bc2b7-001d-45d6-86e9-14819d337550,-,Equipment / Maintenance,Med,"Let Dylan know last week first stall in women's restroom, toilet and water pipe is leaking. Asked Dylan to followup with Will for repair ",[],7/3/2026,Resolved
3/8/2026,3ef94c1d-6d70-4722-a667-33b08990b381,159bc2b7-001d-45d6-86e9-14819d337550,-,Equipment / Maintenance,Med,DC #1 is leaking steam from the silver Check valve on top,[],3/12/2026,Resolved
4/30/2026,3ef94c1d-6d70-4722-a667-33b08990b381,9c151ba5-2bb4-466c-85ad-8e6bb90f05ea,-,Staffing / Attendance,Med,Brenda called out last night due to her child being sick,[],5/4/2026,Resolved
4/3/2026,37f3118a-7132-47da-a008-c5b2976e1bff,9c151ba5-2bb4-466c-85ad-8e6bb90f05ea,-,Staffing / Attendance,Low,Raquel Called out ,[],4/7/2026,Resolved
4/2/2026,37f3118a-7132-47da-a008-c5b2976e1bff,9c151ba5-2bb4-466c-85ad-8e6bb90f05ea,-,Staffing / Attendance,Low,Juana Called out,[],4/6/2026,Resolved
5/22/2026,3ef94c1d-6d70-4722-a667-33b08990b381,a73dfbe3-1e93-4c2e-8a5d-0a9375d6c8b7,-,Volume / Forecasting,High,Had several next day orders from the store that I needed to wait for and finish so they could br ready by Saturday morning for the drivers,[],5/26/2026,Resolved
3/27/2026,3ef94c1d-6d70-4722-a667-33b08990b381,a73dfbe3-1e93-4c2e-8a5d-0a9375d6c8b7,-,Customer / Account Impact,Med,No CSR present but Yanwen still working and helping pin customers,[],3/31/2026,Resolved
3/9/2026,3ef94c1d-6d70-4722-a667-33b08990b381,a73dfbe3-1e93-4c2e-8a5d-0a9375d6c8b7,-,Process Deviation,Med,Indy Order did not arrive and tracking says it is in Las Vegas in route to Salt Lake City,[],3/13/2026,Resolved
2/25/2026,3ef94c1d-6d70-4722-a667-33b08990b381,38c2d13e-a2f2-40c9-ad6c-b8260cc2ec5a,-,Equipment / Maintenance,Med,Railex order was the wrong size,[],3/1/2026,Resolved
4/2/2026,37f3118a-7132-47da-a008-c5b2976e1bff,e53222f3-8a1c-470e-b15f-638ffba75785,-,Staffing / Attendance,Low,Lupita called out,[],4/6/2026,Resolved
6/17/2026,201912ce-f2b9-445a-8112-9f63229cd484,26d76d5a-952d-43ad-9bae-ab02ef0bee50,-,Staffing / Attendance,High,Jimmy called out of WB,[],6/22/2026,Resolved
4/1/2026,3ef94c1d-6d70-4722-a667-33b08990b381,26d76d5a-952d-43ad-9bae-ab02ef0bee50,-,Equipment / Maintenance,Med,Dryer 24 is having error 20:1 O.H. Drum Motor. Drum is getting very hot and the ignition reset is not triggering,[],4/6/2026,Resolved
3/26/2026,37f3118a-7132-47da-a008-c5b2976e1bff,26d76d5a-952d-43ad-9bae-ab02ef0bee50,-,Training & Skill Development,High," We process items in a wash and fold that were dry clean, we are going back to training for Jimmy, in fabrics, and our wash and fold sop, Omar will be adding a few days with Jimmy to help him recognize delicate fabrics and re-traing our process. ",[],3/31/2026,Resolved
3/20/2026,3ef94c1d-6d70-4722-a667-33b08990b381,26d76d5a-952d-43ad-9bae-ab02ef0bee50,-,Customer / Account Impact,Med,Customer came in to pick up order but it was with the driver out for delivery,[],3/25/2026,Resolved
7/27/2026,37f3118a-7132-47da-a008-c5b2976e1bff,a6ad3266-1504-4599-88a6-2f97a300d788,-,Staffing / Attendance,Med,Yuritzy Called out ,[],8/1/2026,Resolved
7/15/2026,3ef94c1d-6d70-4722-a667-33b08990b381,a6ad3266-1504-4599-88a6-2f97a300d788,-,Staffing / Attendance,Med,Erika decided to take today and tomorrow off due to a foot injury she sustained at home,[],7/20/2026,Resolved
6/11/2026,3ef94c1d-6d70-4722-a667-33b08990b381,a6ad3266-1504-4599-88a6-2f97a300d788,-,Staffing / Attendance,Low,koko off today,[],6/16/2026,Resolved
4/29/2026,3ef94c1d-6d70-4722-a667-33b08990b381,a6ad3266-1504-4599-88a6-2f97a300d788,-,Staffing / Attendance,High,Marcela No called No show,[],5/4/2026,Resolved
2/26/2026,3ef94c1d-6d70-4722-a667-33b08990b381,a6ad3266-1504-4599-88a6-2f97a300d788,-,Staffing / Attendance,Med,Koko No Call No Show,[],3/3/2026,Resolved
4/15/2026,7b9f0fa6-26fb-449b-9946-632d8c6a57a8,adcd82c2-ddbf-4189-841c-0221ab669922,-,Equipment / Maintenance,Med,"I noticed that the cameras can’t be calibrated. I realized this when Karla asked me for help fixing her camera and it wouldn’t calibrate. Then I noticed mine wasn’t working either, so I checked Doris’s and it seems it might be an issue with Smrt.",[],4/20/2026,Resolved
6/18/2026,3ef94c1d-6d70-4722-a667-33b08990b381,b6576035-2f2b-4f2f-82fa-bd7a057a608a,-,Process Deviation,High,Hotel same day orders not detailed or given to production until 1:30pm ,[],6/23/2026,Resolved
3/20/2026,3ef94c1d-6d70-4722-a667-33b08990b381,b6576035-2f2b-4f2f-82fa-bd7a057a608a,-,Training & Skill Development,Med,Sara didn't know how to look up kiosk bags,[],3/25/2026,Resolved
8/12/2026,37f3118a-7132-47da-a008-c5b2976e1bff,f3499f5a-92a0-4d9c-b532-68fa1301ed26,-,Staffing / Attendance,High,Maricarmen call out sick ,[],8/17/2026,Resolved
3/26/2026,37f3118a-7132-47da-a008-c5b2976e1bff,f3499f5a-92a0-4d9c-b532-68fa1301ed26,-,Equipment / Maintenance,Med,Contacted union we need to empty the water separator at night and we have to check first thing in the morning to see if any solvent dropped from tank number two and start by checking a possible leak,[],3/31/2026,Resolved
7/9/2026,3ef94c1d-6d70-4722-a667-33b08990b381,159bc2b7-001d-45d6-86e9-14819d337550,-,Equipment / Maintenance,High,Double buck went down. New part is ordered but may not be able to fix until next week,[],7/14/2026,Resolved
6/24/2026,201912ce-f2b9-445a-8112-9f63229cd484,159bc2b7-001d-45d6-86e9-14819d337550,-,Equipment / Maintenance,Med,I was waiting for Justin to change the WB door but he doesn't show up ,[],6/29/2026,Resolved
3/27/2026,3ef94c1d-6d70-4722-a667-33b08990b381,159bc2b7-001d-45d6-86e9-14819d337550,-,Equipment / Maintenance,Med,"Austin came and fixed all 3 dryers, however the burner did not yet come in and he also found a belt begining to tear on dryer 3",[],4/1/2026,Resolved
3/21/2026,201912ce-f2b9-445a-8112-9f63229cd484,159bc2b7-001d-45d6-86e9-14819d337550,-,Equipment / Maintenance,Med,boiler number 1,[],3/26/2026,Resolved
3/4/2026,201912ce-f2b9-445a-8112-9f63229cd484,159bc2b7-001d-45d6-86e9-14819d337550,-,Equipment / Maintenance,High,Washer number 2 still making noise.,[],3/9/2026,Resolved
6/29/2026,37f3118a-7132-47da-a008-c5b2976e1bff,9c151ba5-2bb4-466c-85ad-8e6bb90f05ea,-,Staffing / Attendance,High,Maricarmen call out sick ,[],7/4/2026,Resolved
7/1/2026,3ef94c1d-6d70-4722-a667-33b08990b381,a73dfbe3-1e93-4c2e-8a5d-0a9375d6c8b7,-,Training & Skill Development,Low,Train Brandon on how to blackout dates on Paycom,[],7/6/2026,Resolved
5/21/2026,3ef94c1d-6d70-4722-a667-33b08990b381,a73dfbe3-1e93-4c2e-8a5d-0a9375d6c8b7,-,Volume / Forecasting,High,Had to hang Opera that was going out next day. Loads were late in the day and didn't have anyone else at the time to delegate to,[],5/26/2026,Resolved
3/18/2026,201912ce-f2b9-445a-8112-9f63229cd484,a73dfbe3-1e93-4c2e-8a5d-0a9375d6c8b7,-,Staffing / Attendance,Low,I had a meeting with martina and jimmy,[],3/23/2026,Resolved
3/4/2026,3ef94c1d-6d70-4722-a667-33b08990b381,a73dfbe3-1e93-4c2e-8a5d-0a9375d6c8b7,-,Invenasset,Low,Unable to add URL's from Excel sheet Cleaner supply sent me,[],3/9/2026,Resolved
2/27/2026,3ef94c1d-6d70-4722-a667-33b08990b381,a73dfbe3-1e93-4c2e-8a5d-0a9375d6c8b7,-,Invenasset,Low,Getting URL's from Cleaner Supply ,[],3/4/2026,Resolved
4/26/2026,201912ce-f2b9-445a-8112-9f63229cd484,eaa37ea2-ea7c-4e05-84b4-0551747ce3ce,-,Equipment / Maintenance,Med,The garments were falling off as they came out onto the arm; I adjusted the sensor to try to align it.,[],5/1/2026,Resolved
5/7/2026,37f3118a-7132-47da-a008-c5b2976e1bff,fea79e67-d025-4511-9fa3-4b88f68ffa55,-,Staffing / Attendance,Med,Nelly L called in sick,[],5/12/2026,Resolved
5/7/2026,37f3118a-7132-47da-a008-c5b2976e1bff,38c2d13e-a2f2-40c9-ad6c-b8260cc2ec5a,-,Training & Skill Development,Low,"SOP for the PFF needs updating, if we are using the PFF for wet to dry the garment must pass through the PFF 2x.  1st time low heat, 2x high heat if garment construction can withstand.  Dylan Chin please notate for our meeting on Monday, Thanks!",[],5/12/2026,Resolved
7/27/2026,37f3118a-7132-47da-a008-c5b2976e1bff,e53222f3-8a1c-470e-b15f-638ffba75785,-,Staffing / Attendance,Med,Lupita called out,[],8/1/2026,Resolved
5/7/2026,37f3118a-7132-47da-a008-c5b2976e1bff,e53222f3-8a1c-470e-b15f-638ffba75785,-,Process Deviation,Med,"Wet cleaned garments hanging in the boiler room.  Wet garments were not pretreated in a dryer for 3 min or run throught he PFF.  The to activate the wet cleaning degerant there must be heat (PFF/Dryer).  Wet deck needs training & these items should go to Post DC and they should verify the SOP are getting followed.  Let's discuss on Monday.  Dylan Chin please note this for our meeting, thanks!",[],5/12/2026,Resolved
4/1/2026,3ef94c1d-6d70-4722-a667-33b08990b381,e53222f3-8a1c-470e-b15f-638ffba75785,-,Staffing / Attendance,Med,Lupita left early as she is still not feeling good,[],4/6/2026,Resolved
6/30/2026,37f3118a-7132-47da-a008-c5b2976e1bff,26d76d5a-952d-43ad-9bae-ab02ef0bee50,-,Staffing / Attendance,Med,Jimmy called out of WB,[],7/6/2026,Resolved
3/18/2026,3ef94c1d-6d70-4722-a667-33b08990b381,26d76d5a-952d-43ad-9bae-ab02ef0bee50,-,Equipment / Maintenance,Med,Card Kiosk still freezing.,[],3/24/2026,Resolved
3/3/2026,201912ce-f2b9-445a-8112-9f63229cd484,26d76d5a-952d-43ad-9bae-ab02ef0bee50,-,SMRT ,Low,Noemi Jaco doesnt have washbox discount,[],3/9/2026,Resolved
8/11/2026,f9401f5c-11cd-4e00-ab74-92575d9cf6b2,a6ad3266-1504-4599-88a6-2f97a300d788,-,Staffing / Attendance,High,Liliana took the day off due to illness. ,[],8/17/2026,Resolved
7/21/2026,f9401f5c-11cd-4e00-ab74-92575d9cf6b2,a6ad3266-1504-4599-88a6-2f97a300d788,-,Process Deviation,Low,Josefina had to leave at 8:43 p.m. because of a family issue. ,[],7/27/2026,Resolved
5/16/2026,3ef94c1d-6d70-4722-a667-33b08990b381,a6ad3266-1504-4599-88a6-2f97a300d788,-,Staffing / Attendance,Med,Liz 15 minutes late with no notice,[],5/22/2026,Resolved
3/18/2026,201912ce-f2b9-445a-8112-9f63229cd484,a6ad3266-1504-4599-88a6-2f97a300d788,-,Staffing / Attendance,Low,Program 5 test,[],3/24/2026,Resolved
5/27/2026,201912ce-f2b9-445a-8112-9f63229cd484,30642f55-bf46-490f-a9f9-806424c44a31,-,Process Deviation,High,"Serafin approached me to let me know that there were 2 rush orders due for today, but when we found the pieces, they did not have the special tags attached to the garments. the astra hotel staff",[],6/2/2026,Resolved
8/11/2026,37f3118a-7132-47da-a008-c5b2976e1bff,f3499f5a-92a0-4d9c-b532-68fa1301ed26,-,Staffing / Attendance,High,Maricarmen call out sick ,[],8/17/2026,Resolved
7/12/2026,201912ce-f2b9-445a-8112-9f63229cd484,159bc2b7-001d-45d6-86e9-14819d337550,-,Equipment / Maintenance,High,"The Grand Events team informed me that one of the belts on the Chicago machine's roller broke. As a result, there may be issues using the machine tomorrow until it is repaired.",[],7/18/2026,Resolved
7/1/2026,201912ce-f2b9-445a-8112-9f63229cd484,159bc2b7-001d-45d6-86e9-14819d337550,-,Equipment / Maintenance,Med,"The roller on the tablecloth ironing machine keeps getting stuck, making it difficult for the Grand Events team to iron the tablecloths because the machine keeps jamming.",[],7/7/2026,Resolved
7/21/2026,3ef94c1d-6d70-4722-a667-33b08990b381,9c151ba5-2bb4-466c-85ad-8e6bb90f05ea,-,Staffing / Attendance,High,Juana out for the week due to injury sustained at home. Maricarmen will cover in sheets with Luis for the week,[],7/27/2026,Resolved
3/20/2026,3ef94c1d-6d70-4722-a667-33b08990b381,a73dfbe3-1e93-4c2e-8a5d-0a9375d6c8b7,-,Process Deviation,Med,Alex had an open sprite can on the postspotting rolling cart,[],3/26/2026,Resolved
4/15/2026,37f3118a-7132-47da-a008-c5b2976e1bff,b386013a-4b9d-4f8b-8b8c-1b59d1442695 ,-,Staffing / Attendance,Low,Zaydi called out ,[],4/21/2026,Resolved
2/18/2026,3ef94c1d-6d70-4722-a667-33b08990b381,38c2d13e-a2f2-40c9-ad6c-b8260cc2ec5a,-,Training & Skill Development,Med,Wet items awaiting to go into the PFF were drying before making it through,[],2/24/2026,Resolved
3/31/2026,3ef94c1d-6d70-4722-a667-33b08990b381,e53222f3-8a1c-470e-b15f-638ffba75785,-,Staffing / Attendance,Med,Lupita called out,[],4/6/2026,Resolved
4/15/2026,3ef94c1d-6d70-4722-a667-33b08990b381,26d76d5a-952d-43ad-9bae-ab02ef0bee50,-,Training & Skill Development,Med,Martina could not connect to the internet on the computer. When I went over she was trying to join the Washbox Guest account. I let her know that the laptop should always be connected to the Washbox Private account and the password is saved to the computer and can join automatically. I then asked Sean if there was any SOP for what Wifi to use and if the Washbox staff wifi was written down anywhere for them to use as a backup on the computer if the Private goes offline. He said there wasn't but it defintely is something he can add.,[],4/22/2026,Resolved
4/2/2026,37f3118a-7132-47da-a008-c5b2976e1bff,26d76d5a-952d-43ad-9bae-ab02ef0bee50,-,Equipment / Maintenance,Low,"Jacob came to fix the dryer, their was a loose harness, but he still requested a motor for the dryer just in case, he mentioned the warranty on the dryers are expiered and moving forward all parts will have a cost except for this last time.",[],4/9/2026,Resolved
3/26/2026,201912ce-f2b9-445a-8112-9f63229cd484,26d76d5a-952d-43ad-9bae-ab02ef0bee50,-,Staffing / Attendance,Med,"I worked with Martina on the SOP for folding blankets, making sure to inspect them carefully for stains and wrinkles. If there are any stains, she should go to Marisela to verify whether they can be treated further.",[],4/2/2026,Resolved
3/2/2026,201912ce-f2b9-445a-8112-9f63229cd484,26d76d5a-952d-43ad-9bae-ab02ef0bee50,-,SMRT ,Med,Orders incorrectly created in SMRT.,[],3/9/2026,Resolved
8/10/2026,f9401f5c-11cd-4e00-ab74-92575d9cf6b2,a6ad3266-1504-4599-88a6-2f97a300d788,-,Staffing / Attendance,High,"Liz didn't show up for work. I spoke with her about why she hadn't come in, but it turns out she sent a message to an unknown number, which caused some confusion. She wanted to come in, but it was no longer possible for her to do so.",[],8/17/2026,Resolved
7/27/2026,37f3118a-7132-47da-a008-c5b2976e1bff,a6ad3266-1504-4599-88a6-2f97a300d788,-,Staffing / Attendance,Med,Liz called out,[],8/3/2026,Resolved
6/16/2026,3ef94c1d-6d70-4722-a667-33b08990b381,a6ad3266-1504-4599-88a6-2f97a300d788,-,Staffing / Attendance,Med,Maria Called out,[],6/23/2026,Resolved
5/12/2026,37f3118a-7132-47da-a008-c5b2976e1bff,a6ad3266-1504-4599-88a6-2f97a300d788,-,Staffing / Attendance,Med,Maria Cabrera Call out ,[],5/19/2026,Resolved
3/26/2026,201912ce-f2b9-445a-8112-9f63229cd484,a6ad3266-1504-4599-88a6-2f97a300d788,-,Training & Skill Development,Low,"Brandon and I had a meeting, and we determined that it will be important for me to work the night shift with the Armoire team one day per week for a few weeks. I will start next Thursday in order to help Carlos with decision-making, staffing and hours. I will begin at 5 PM and stay until the end of the shift starting next Thursday.",[],4/2/2026,Resolved
8/24/2026,7b9f0fa6-26fb-449b-9946-632d8c6a57a8,adcd82c2-ddbf-4189-841c-0221ab669922,-,Equipment / Maintenance,High,"I noticed that the piston on the hot seal next to the entrance is already worn out. Could you please help  check it
",[],8/31/2026,Resolved
5/15/2026,201912ce-f2b9-445a-8112-9f63229cd484,adcd82c2-ddbf-4189-841c-0221ab669922,-,Staffing / Attendance,High,"While doing the final closing, I noticed that a jacket was ready to be assembled, but I saw a note in the system stating that it required Water Repel treatment. When I contacted the spotters, they told me it was not placed on the special treatment hook.",[],5/22/2026,Resolved
2/18/2026,3ef94c1d-6d70-4722-a667-33b08990b381,adcd82c2-ddbf-4189-841c-0221ab669922,-,Customer / Account Impact,Med,W&F for a delivery account racked to NP lockers for a month without being moved,[],2/25/2026,Resolved
2/20/2026,7b9f0fa6-26fb-449b-9946-632d8c6a57a8,f3499f5a-92a0-4d9c-b532-68fa1301ed26,-,Staffing / Attendance,Low,I left a special order the customer request No starch.,[],2/27/2026,Resolved
7/27/2026,3ef94c1d-6d70-4722-a667-33b08990b381,159bc2b7-001d-45d6-86e9-14819d337550,-,Equipment / Maintenance,Low,Omar and I put up the new canopy outside. Would we be able to get the landlords approval to possibly bolt it down to prevent theft in the future?,[],8/3/2026,Resolved
3/4/2026,3ef94c1d-6d70-4722-a667-33b08990b381,159bc2b7-001d-45d6-86e9-14819d337550,-,Equipment / Maintenance,Med,Ordering part for Washer 2,[],3/11/2026,Resolved
8/10/2026,201912ce-f2b9-445a-8112-9f63229cd484,9f94c322-9196-4524-b4c9-90aaa19cc883,-,Staffing / Attendance,High,Graciela doesnt feel great she left early,[],8/17/2026,Resolved
4/1/2026,3ef94c1d-6d70-4722-a667-33b08990b381,a73dfbe3-1e93-4c2e-8a5d-0a9375d6c8b7,-,SMRT ,Med,Added PPOH to the dashboard for inspection and Mark-in. Need to check tomorrow to see how the data looks,[],4/8/2026,Resolved
8/10/2026,37f3118a-7132-47da-a008-c5b2976e1bff,fea79e67-d025-4511-9fa3-4b88f68ffa55,-,Staffing / Attendance,High,Nelly left early due to personal reasons ,[],8/17/2026,Resolved
3/24/2026,3ef94c1d-6d70-4722-a667-33b08990b381,b94e57de-fd38-4a89-b832-c7d0af7a9acb,-,Customer / Account Impact,Med,Helped customer Annie McGrath in the front. They were surprised at the cost of the 58c22525-e091-4d3d-8470-311ea75fa7a2s for their curtains and how she never recieved a quote for them. $90 to hem 3 curtain panels. They may be reaching out to discuss further. ,[],3/31/2026,Resolved
3/30/2026,3ef94c1d-6d70-4722-a667-33b08990b381,e53222f3-8a1c-470e-b15f-638ffba75785,-,Staffing / Attendance,Low,Lupita called out,[],4/6/2026,Resolved
5/14/2026,3ef94c1d-6d70-4722-a667-33b08990b381,a6ad3266-1504-4599-88a6-2f97a300d788,-,Staffing / Attendance,Low,Liliana Called out,[],5/22/2026,Resolved
2/19/2026,201912ce-f2b9-445a-8112-9f63229cd484,a6ad3266-1504-4599-88a6-2f97a300d788,-,Equipment / Maintenance,Low,Meeting with the Armoire team.,[],2/27/2026,Resolved
3/17/2026,3ef94c1d-6d70-4722-a667-33b08990b381,c69e905b-76c4-435c-b456-94ea24a77db7,-,Quality Control,Med,New spot tags still not sitting low enough on the hanger,[],3/25/2026,Resolved
2/19/2026,201912ce-f2b9-445a-8112-9f63229cd484,c69e905b-76c4-435c-b456-94ea24a77db7,-,Staffing / Attendance,Med,meeting with the Assembly team,[],2/27/2026,Resolved
5/24/2026,201912ce-f2b9-445a-8112-9f63229cd484,d334c2c1-d181-4c63-b481-07b69f89f4ea,-,Staffing / Attendance,Med,lizbeth called out,[],6/1/2026,Resolved
5/2/2026,201912ce-f2b9-445a-8112-9f63229cd484,d334c2c1-d181-4c63-b481-07b69f89f4ea,-,Training & Skill Development,Low,"Along with the casino SOP, I started training Elena, who is the new team member for casino.",[],5/10/2026,Resolved
6/30/2026,37f3118a-7132-47da-a008-c5b2976e1bff,f3499f5a-92a0-4d9c-b532-68fa1301ed26,-,Equipment / Maintenance,Low,Please Contact Union for the dc machine 2 to get a replacement part.,[],7/8/2026,Resolved
4/1/2026,3ef94c1d-6d70-4722-a667-33b08990b381,f3499f5a-92a0-4d9c-b532-68fa1301ed26,-,Customer / Account Impact,Med,Approved sweater for customer Connie/Ron/Steven Ballmer damaged during cleaning. Several beads broke while the sweater was dry cleaned on the delicate cycle while net bagged. Need to reach out to customer to inform them. I left on Sean's desk and left a SMRT message for him and Jonni,[],4/9/2026,Resolved
2/19/2026,7b9f0fa6-26fb-449b-9946-632d8c6a57a8,f3499f5a-92a0-4d9c-b532-68fa1301ed26,-,Staffing / Attendance,Low,"I left a special order that the customer sent wet, along with a tie that stained two white garments.",[],2/27/2026,Resolved
6/8/2026,201912ce-f2b9-445a-8112-9f63229cd484,159bc2b7-001d-45d6-86e9-14819d337550,-,Equipment / Maintenance,Med,"While folding shirts, I noticed that the machine was malfunctioning frequently. It would get stuck and was not properly grabbing the shirt collars. This machine had been repaired previously by Kenny, but today I noticed that the issue has returned.",[],6/16/2026,Resolved
3/17/2026,3ef94c1d-6d70-4722-a667-33b08990b381,061c940a-3dba-4654-98cc-1a83be88cc46,-,Process Deviation,Med,Grace Bostock blouse had ripped Pink tags but no Alts marked in system,[],3/25/2026,Resolved
4/5/2026,3ef94c1d-6d70-4722-a667-33b08990b381,a73dfbe3-1e93-4c2e-8a5d-0a9375d6c8b7,-,Housekeeping / Standards,Low,"Need to color match the leftover paint we have and get an extra quart, so we can throw out the big container that is starting to smell. However Ace does not sell BEHR brand paint and could not color match. Will have to take to a home depot or another paint store",[],4/13/2026,Resolved
3/18/2026,201912ce-f2b9-445a-8112-9f63229cd484,a73dfbe3-1e93-4c2e-8a5d-0a9375d6c8b7,-,Training & Skill Development,Low,I conducted a folding test for Martina.,[],3/26/2026,Resolved
5/6/2026,f9401f5c-11cd-4e00-ab74-92575d9cf6b2,a6ad3266-1504-4599-88a6-2f97a300d788,-,Training & Skill Development,Med,"Today I met with Elena, the new coworker at Armoire, I wen't over the account and the things we do in the afternoon, we will train with her this week and we will seat down with her next week.",[],5/15/2026,Resolved
5/24/2026,201912ce-f2b9-445a-8112-9f63229cd484,adcd82c2-ddbf-4189-841c-0221ab669922,-,Staffing / Attendance,High,"While I was finishing casino, Karla came up to me to ask about the hotel orders and whether they were going to be rushed for tomorrow. I told her yes. She mentioned that in the system she saw around 15 rush orders for Monday and did not know where the clothes were. I had to search for them in the rush bin so we could process them, so I took the initiative to wash everything in the bin.",[],6/2/2026,Resolved
5/6/2026,3ef94c1d-6d70-4722-a667-33b08990b381,58c22525-e091-4d3d-8470-311ea75fa7a2,-,Process Deviation,Med,Was looking for date specific orders on the Alt rail when I noticed a lot of the dates were mixed together and not ordered correctly. Items due for next week were in front of orders due for this week. brought to Sean's attention to see if Liz and Sara can reorganize so the tickets are in the correct order.,[],5/15/2026,Resolved
8/23/2026,201912ce-f2b9-445a-8112-9f63229cd484,d334c2c1-d181-4c63-b481-07b69f89f4ea,-,Staffing / Attendance,Med,Juan called out he sent me message at 07:20 am that he doesn't feel great his shift start at 8:30 am ,[],9/1/2026,Resolved
2/18/2026,7b9f0fa6-26fb-449b-9946-632d8c6a57a8,f3499f5a-92a0-4d9c-b532-68fa1301ed26,-,Staffing / Attendance,Low,I have left two special ordes: one required nostarch and the other special pressing.,[],2/27/2026,Resolved
6/29/2026,e9867431-9297-44d0-9f67-8e8b158aa847,159bc2b7-001d-45d6-86e9-14819d337550,-,Equipment / Maintenance,Low,Asked Dylan to look for extra Epson printer to install at pant station to print info tags for things that have black clips. If we don't have an extra I asked Dylan to check with Will about ordering one for install ,[],7/8/2026,Resolved
5/2/2026,201912ce-f2b9-445a-8112-9f63229cd484,159bc2b7-001d-45d6-86e9-14819d337550,-,Equipment / Maintenance,Med,the DC machine #2 is leaking water from de valve.,[],5/11/2026,Resolved
5/2/2026,201912ce-f2b9-445a-8112-9f63229cd484,159bc2b7-001d-45d6-86e9-14819d337550,-,Equipment / Maintenance,High,"Boiler #1 was on, and after 10 minutes it shut off. I sent photos of the error messages it was showing to Will.",[],5/11/2026,Resolved
3/17/2026,201912ce-f2b9-445a-8112-9f63229cd484,159bc2b7-001d-45d6-86e9-14819d337550,-,Equipment / Maintenance,Low,Kenny did not finished installing the water guns at the stations.,[],3/26/2026,Resolved
3/17/2026,3ef94c1d-6d70-4722-a667-33b08990b381,159bc2b7-001d-45d6-86e9-14819d337550,-,Equipment / Maintenance,Low,Kenny is replaceing 2 water gun stations,[],3/26/2026,Resolved
7/15/2026,201912ce-f2b9-445a-8112-9f63229cd484,061c940a-3dba-4654-98cc-1a83be88cc46,-,Staffing / Attendance,Med,"I spoke with Sandra about starting to learn inspection. She mentioned that she had already discussed it with Jonni. I also told her that she should learn how to touch up and inspect shirts. She explained that she has a condition affecting her hands, which makes it very difficult for her to work in the heat, but she said she would give it a try.",[],7/24/2026,Resolved
3/24/2026,3ef94c1d-6d70-4722-a667-33b08990b381,a73dfbe3-1e93-4c2e-8a5d-0a9375d6c8b7,-,Equipment / Maintenance,Med,Outside gutter on the side of the building is either clogged and overfilling or is broken and leaking,[],4/2/2026,Resolved
3/23/2026,3ef94c1d-6d70-4722-a667-33b08990b381,a73dfbe3-1e93-4c2e-8a5d-0a9375d6c8b7,-,Training & Skill Development,Med,Created draft for new Production REDO SOP. Needs approval before implementing,[],4/1/2026,Resolved
2/18/2026,201912ce-f2b9-445a-8112-9f63229cd484,e53222f3-8a1c-470e-b15f-638ffba75785,-,Process Deviation,Low,I created a designated hook for orders requiring special treatment.,[],2/27/2026,Resolved
5/8/2026,3ef94c1d-6d70-4722-a667-33b08990b381,159bc2b7-001d-45d6-86e9-14819d337550,-,Training & Skill Development,High,"Until June, we will need to blow down the boiler with the side valve every 2-3 hours, 3 times until Sanjay can install new valve .",[],5/18/2026,Resolved
4/27/2026,3ef94c1d-6d70-4722-a667-33b08990b381,159bc2b7-001d-45d6-86e9-14819d337550,-,Invenasset,Med,Need to add all the equipment repairs we need Sanjay to look at when we gets here,[],5/7/2026,Resolved
4/12/2026,3ef94c1d-6d70-4722-a667-33b08990b381,159bc2b7-001d-45d6-86e9-14819d337550,-,Equipment / Maintenance,High,"Drapery Hot head press is out of commision, Kenny did not finish the maintenance and now the press pad is soaking wet and steam is bellowing out",[],4/22/2026,Resolved
4/17/2026,3ef94c1d-6d70-4722-a667-33b08990b381,a73dfbe3-1e93-4c2e-8a5d-0a9375d6c8b7,-,Training & Skill Development,Med,"Training Mericia starting tonight on how to scan all the Need More Time, Boiler Room, and Post Steam items",[],4/27/2026,Resolved
6/6/2026,201912ce-f2b9-445a-8112-9f63229cd484,eaa37ea2-ea7c-4e05-84b4-0551747ce3ce,-,Safety / Risk,High,"Upon arriving at Helena’s, I heard an unusual noise coming from the main entrance door. After checking, I noticed that the automatic door lock was malfunctioning. I reported the issue, and Jonni contacted me on a three-way call with the Metalprogetti staff. It appeared to be a system error, which was later resolved.",[],6/16/2026,Resolved
5/17/2026,201912ce-f2b9-445a-8112-9f63229cd484,eaa37ea2-ea7c-4e05-84b4-0551747ce3ce,-,Equipment / Maintenance,Med,"The Metalprogetti technician mentioned that before turning off the machines, we need to press F7 to leave the system in light mode before switching off the main power switch.",[],5/27/2026,Resolved
7/26/2026,201912ce-f2b9-445a-8112-9f63229cd484,159bc2b7-001d-45d6-86e9-14819d337550,-,Equipment / Maintenance,High,"I noticed that the refrigerator was very dirty, with open soft drinks and moldy food. I threw away everything that had spoiled. We'll need to talk with the entire team to address this situation.",[],8/6/2026,Resolved
6/15/2026,3ef94c1d-6d70-4722-a667-33b08990b381,a73dfbe3-1e93-4c2e-8a5d-0a9375d6c8b7,-,Equipment / Maintenance,Med,Set up all 3 Goolge Nests however they do not get loud enough to be heard on the production floor. Only able to hear in he breakoom. ,[],6/26/2026,Resolved
5/23/2026,201912ce-f2b9-445a-8112-9f63229cd484,eaa37ea2-ea7c-4e05-84b4-0551747ce3ce,-,Equipment / Maintenance,High,"While we were working on Casino and loading garments into the conveyor, the machine kept stopping and showing a “Slot Check Error.” I had to turn it off and restart it about three times during the shift.",[],6/3/2026,Resolved
5/20/2026,201912ce-f2b9-445a-8112-9f63229cd484,adcd82c2-ddbf-4189-841c-0221ab669922,-,Equipment / Maintenance,Med,I couldn’t find the piston to replace the hot seal.,[],6/1/2026,Resolved
6/16/2026,3ef94c1d-6d70-4722-a667-33b08990b381,26d76d5a-952d-43ad-9bae-ab02ef0bee50,-,Equipment / Maintenance,Med,New dryer doors were delivered for WB. Texted Austin to see when he is next available to come out. Waiting on reply,[],6/29/2026,Resolved
4/14/2026,3ef94c1d-6d70-4722-a667-33b08990b381,26d76d5a-952d-43ad-9bae-ab02ef0bee50,-,Equipment / Maintenance,Med,Still waiting on the new kiosk card readers for WB,[],4/27/2026,Resolved
7/1/2026,3ef94c1d-6d70-4722-a667-33b08990b381,159bc2b7-001d-45d6-86e9-14819d337550,-,Equipment / Maintenance,Low,New touch up board came in and will be in the back until Austin can install in 2 weeks,[],7/14/2026,Resolved
8/11/2026,37f3118a-7132-47da-a008-c5b2976e1bff,fea79e67-d025-4511-9fa3-4b88f68ffa55,-,Staffing / Attendance,High,Nelly requested tuesday and wendsday off ,[],8/24/2026,Resolved
3/26/2026,201912ce-f2b9-445a-8112-9f63229cd484,26d76d5a-952d-43ad-9bae-ab02ef0bee50,-,Staffing / Attendance,High,"I had an initial conversation with Jimmy regarding the garments. I showed him the items that were damaged, gave him examples of how to identify these issues, and, based on Brandon’s recommendation, shared some tips about brands from Italy and Paris that are more prone to color bleeding, so extra care should be taken with them.",[],4/9/2026,Resolved
4/14/2026,201912ce-f2b9-445a-8112-9f63229cd484,a6ad3266-1504-4599-88a6-2f97a300d788,-,Staffing / Attendance,Med,Carlos and I spoke with Maria about the plan we have to offer inspection of Armoire garments. I explained and showed her what Armoire expects when garments are returned after inspection. The three of us agreed that today Maria Cabrera would set aside a rack that she inspects so Brandon can review and approve it.,[],4/28/2026,Resolved
4/1/2026,201912ce-f2b9-445a-8112-9f63229cd484,a6ad3266-1504-4599-88a6-2f97a300d788,-,Staffing / Attendance,Med,"Carlos and I had a meeting to review the Armoire workflow plan. We created a work plan to ensure all garments are inspected for odor, wrinkles, and overall quality standards.",[],4/15/2026,Resolved
8/11/2026,7b9f0fa6-26fb-449b-9946-632d8c6a57a8,adcd82c2-ddbf-4189-841c-0221ab669922,-,Equipment / Maintenance,High,"
I wanted to let you know that the Mark-In team is currently out of **Press Only tags**, and we also checked the container but there are none available there either.",[],8/25/2026,Resolved
6/17/2026,201912ce-f2b9-445a-8112-9f63229cd484,adcd82c2-ddbf-4189-841c-0221ab669922,-,Staffing / Attendance,High,"While assembling Ben Watson's order, I noticed a note indicating that the customer did not want barcodes on their garments. However, I found that nearly the entire order had already been detailed with barcodes attached.

I spoke with Abby to clarify the situation, and she informed me that most of the garments already had barcodes on them when they arrived, with the exception of approximately five pieces that did not have barcodes.",[],7/1/2026,Resolved
5/4/2026,201912ce-f2b9-445a-8112-9f63229cd484,c69e905b-76c4-435c-b456-94ea24a77db7,-,Metalprogetti,High,"I noticed the bagging machine had stopped. When I went to check what was happening, I saw an alert indicating “garments not arrived” (3 pieces), even though the garments were physically present and ready to be bagged.

When the ticket printed, it showed only 1 piece, so I pulled the order and reorganized it correctly to match the actual number of garments.",[],5/18/2026,Resolved
4/27/2026,3ef94c1d-6d70-4722-a667-33b08990b381,38c2d13e-a2f2-40c9-ad6c-b8260cc2ec5a,-,Equipment / Maintenance,Med,Will showed me the locations to add White grease to the PFF. I created a task in Invenasset and have it set to monthly. Will is reaching out to see how often this should be greased.,[],5/11/2026,Resolved
6/1/2026,3ef94c1d-6d70-4722-a667-33b08990b381,159bc2b7-001d-45d6-86e9-14819d337550,-,Equipment / Maintenance,Low,Ordered new water valve for Washer 1. Hot and cold come as one piece so ordered a whole unit for delivery on Friday,[],6/16/2026,Resolved
8/16/2026,3ef94c1d-6d70-4722-a667-33b08990b381,adcd82c2-ddbf-4189-841c-0221ab669922,-,Staffing / Attendance,Low,Katie had to leave at 1 for an appointment,[],9/1/2026,Resolved
3/10/2026,201912ce-f2b9-445a-8112-9f63229cd484,159bc2b7-001d-45d6-86e9-14819d337550,-,Safety / Risk,Low,Light in back of building,[],3/26/2026,Resolved
3/24/2026,3ef94c1d-6d70-4722-a667-33b08990b381,c9280f5b-66d1-4ff3-a37f-71252855048a,-,Quality Control,Med,Continuing issue of using the correct hangers to make the garments look the most presentable,[],4/9/2026,Resolved
5/29/2026,f9401f5c-11cd-4e00-ab74-92575d9cf6b2,a6ad3266-1504-4599-88a6-2f97a300d788,-,Training & Skill Development,Low,"Today I gathered all the girls from Armoire for a feedback session. I discussed the mistakes I’ve noticed over the past week and showed them examples of areas where we can improve. They shared their perspectives, and we concluded that we need to improve our inspection and care procedures for garments made of shiny fabrics, leather, or vinyl. I also designed a continuous improvement plan for them, where everyone will have to suggest an improvement that helps us optimize our operations and enhance quality. I’ll document their proposals, and share with Brandon
",[],6/15/2026,Resolved
6/14/2026,201912ce-f2b9-445a-8112-9f63229cd484,adcd82c2-ddbf-4189-841c-0221ab669922,-,Process Deviation,High,"Zar contacted me through SMRT messages and informed me that on Friday an order had been tagged for the standard two-day turnaround. However, the customer notes indicated that the order was needed as a rush. As a result, I had to locate the garments in the bin, apply a Special tag to the order, and place it in the Special Requests bin.",[],7/1/2026,Resolved
5/9/2026,201912ce-f2b9-445a-8112-9f63229cd484,d334c2c1-d181-4c63-b481-07b69f89f4ea,-,Training & Skill Development,High,"I spoke with Liz and Helena regarding the issue where Casino returned 2 garments that had been sent incorrectly. I emphasized that the three of us need to be more careful during inspection. Today we paid closer attention, and I pressed the jackets that had bubbling issues and was able to remove the bubbles from several of them.",[],5/26/2026,Resolved
7/20/2026,3ef94c1d-6d70-4722-a667-33b08990b381,9c151ba5-2bb4-466c-85ad-8e6bb90f05ea,-,Staffing / Attendance,Med,Juana called out sick,[],8/6/2026,Resolved
6/6/2026,201912ce-f2b9-445a-8112-9f63229cd484,adcd82c2-ddbf-4189-841c-0221ab669922,-,Process Deviation,High,"The drivers brought me three hotel orders. While I was processing an Andra Staff order, I noticed that one of the hotel orders had been detailed on Friday with a Monday due date. However, according to the hotel guidelines, the order should have been processed as next-day service.

As a result, I had to search for the garments in the rush bin in order to complete the order on time. I was able to locate the pieces and finish the order.

It is worth noting that this same issue has occurred for two consecutive weekends.",[],6/25/2026,Resolved
7/1/2026,f9401f5c-11cd-4e00-ab74-92575d9cf6b2,a6ad3266-1504-4599-88a6-2f97a300d788,-,Training & Skill Development,Low,"Today I started Alejandra's training; I welcomed her to Armoire with a brief orientation, and I'll be monitoring her progress within the next two weeks.  ",[],7/22/2026,Resolved
3/25/2026,201912ce-f2b9-445a-8112-9f63229cd484,a6ad3266-1504-4599-88a6-2f97a300d788,-,Staffing / Attendance,Low,"Brandon, Carlos and I followed up with the new employee Erica regarding her frist few days, she mentioned that she feels that she asks a lot of questions, and we mentioned that, is great to ask questions, thats one of the most important things, we will be working with her this following week on training.",[],4/15/2026,Resolved
6/27/2026,201912ce-f2b9-445a-8112-9f63229cd484,d334c2c1-d181-4c63-b481-07b69f89f4ea,-,Training & Skill Development,Med,"I started training the new team members, Juan and Alejandra. I will continue their training tomorrow.",[],7/18/2026,Resolved
4/15/2026,3ef94c1d-6d70-4722-a667-33b08990b381,26d76d5a-952d-43ad-9bae-ab02ef0bee50,-,Equipment / Maintenance,Med,"3 washers (7,9,14) at WB have broken soap dispensers that need to be replaced. We recieved 1 and will need Austin to replace next time he comes. ",[],5/7/2026,Resolved
6/26/2026,37f3118a-7132-47da-a008-c5b2976e1bff,a6ad3266-1504-4599-88a6-2f97a300d788,-,Staffing / Attendance,High,Josefina Call out sick,[],7/18/2026,Resolved
5/11/2026,7b9f0fa6-26fb-449b-9946-632d8c6a57a8,adcd82c2-ddbf-4189-841c-0221ab669922,-,Staffing / Attendance,Low,"I was trying to repair the camera, I logged into my SMRT profile and forgot to log out. Doris spent about an hour working under my profile, and during that time she did not take pictures of about 5 garments because the camera was not working properly.",[],6/2/2026,Resolved
6/4/2026,201912ce-f2b9-445a-8112-9f63229cd484,159bc2b7-001d-45d6-86e9-14819d337550,-,Metalprogetti,Med,"While changing the poly on the bagging machine, I noticed that this part was loose. I looked for the nut, found it, and reinstalled it, but the part is still loose.",[],6/27/2026,Resolved
3/18/2026,201912ce-f2b9-445a-8112-9f63229cd484,a73dfbe3-1e93-4c2e-8a5d-0a9375d6c8b7,-,Training & Skill Development,Low,"We started training Liz on pants, we are starting with no crease pants, for a week, after we will be switching to crease, pleats, we are working on armoire pants, and I will also have her start with casino pants on the weekend",[],4/11/2026,Resolved
3/1/2026,3ef94c1d-6d70-4722-a667-33b08990b381,159bc2b7-001d-45d6-86e9-14819d337550,-,Invenasset,Low,Need to create a maintenance task for cleaning the filters on each dry cleaning machine,[],3/26/2026,Resolved
4/21/2026,201912ce-f2b9-445a-8112-9f63229cd484,159bc2b7-001d-45d6-86e9-14819d337550,-,Equipment / Maintenance,Med,"The Grand Events team informed me that the machine used to plastic-wrap the napkins has a loose connection in the top press—when you pull the press , the machine shuts off.",[],5/18/2026,Resolved
3/18/2026,3ef94c1d-6d70-4722-a667-33b08990b381,a6ad3266-1504-4599-88a6-2f97a300d788,-,Equipment / Maintenance,Med,Rewired the Armoire RFID tunnel but still not working.,[],4/15/2026,Resolved
5/18/2026,3ef94c1d-6d70-4722-a667-33b08990b381,159bc2b7-001d-45d6-86e9-14819d337550,-,Equipment / Maintenance,Med,saw how to change the light fixtures and bypass the ballast. Will create a SOP for Leads so we can try and fix in the future,[],6/16/2026,Resolved
3/24/2026,201912ce-f2b9-445a-8112-9f63229cd484,e53222f3-8a1c-470e-b15f-638ffba75785,-,Training & Skill Development,Med,"I’m continuing my practice with pressing in the utility area. Carlos has been training me, and I will keep practicing with him this week. Next week, I will also continue my training with Alejandro.",[],4/25/2026,Resolved
5/11/2026,7b9f0fa6-26fb-449b-9946-632d8c6a57a8,adcd82c2-ddbf-4189-841c-0221ab669922,-,Equipment / Maintenance,Med,"The second camera from outside to inside is broken, and that is causing the camera to not function properly. It keeps going down repeatedly throughout the day.",[],6/14/2026,Resolved
6/16/2026,3ef94c1d-6d70-4722-a667-33b08990b381,a73dfbe3-1e93-4c2e-8a5d-0a9375d6c8b7,-,Equipment / Maintenance,Low,"Next Automation broadcast does not get loud enough so I need tp test music and possibly recording my own sound that can play into the speakers at certain times,",[],7/24/2026,Resolved
5/7/2026,3ef94c1d-6d70-4722-a667-33b08990b381,26d76d5a-952d-43ad-9bae-ab02ef0bee50,-,Equipment / Maintenance,Low,Spoke with Jacob and soap compartments are still on back order,[],6/16/2026,Resolved
4/28/2026,3ef94c1d-6d70-4722-a667-33b08990b381,a73dfbe3-1e93-4c2e-8a5d-0a9375d6c8b7,-,Training & Skill Development,Med,"Finished SOP of common Metalprogetti errors. Waiting for manager aprrovals before we roll it out and share with assembly, inspection and casino",[],6/16/2026,Resolved
4/13/2026,37f3118a-7132-47da-a008-c5b2976e1bff,f3499f5a-92a0-4d9c-b532-68fa1301ed26,-,Equipment / Maintenance,Med,"We checked the air psi on machine 1 and its good I did notice some lint on the opening valve for the still, I cleaned it and added some oil, let me know on Saturday if you have the same problem when opening the Still",[],6/2/2026,Resolved
3/27/2026,3ef94c1d-6d70-4722-a667-33b08990b381,159bc2b7-001d-45d6-86e9-14819d337550,-,Equipment / Maintenance,Med,Austin is taking one of the broken dryer motors to get rebulit so we can have a back up in storage in case we need it.,[],5/26/2026,Resolved
3/10/2026,3ef94c1d-6d70-4722-a667-33b08990b381,159bc2b7-001d-45d6-86e9-14819d337550,-,Invenasset,Low,No equipment ID plaque on the large Hot Head sheet press,[],5/19/2026,Resolved
4/1/2026,3ef94c1d-6d70-4722-a667-33b08990b381,eaa37ea2-ea7c-4e05-84b4-0551747ce3ce,-,Equipment / Maintenance,Low,Requested Manuals for all Metalprogetti conveyors we have in the plant. Will wait to hear back from Metal,[],6/26/2026,Resolved
9/15/2026,f9401f5c-11cd-4e00-ab74-92575d9cf6b2,a6ad3266-1504-4599-88a6-2f97a300d788,-,Process Deviation,High,"Today, the packages arrived at different times: at 12, 4, 5, and 6 p.m. ",[],,Unset
9/15/2026,f9401f5c-11cd-4e00-ab74-92575d9cf6b2,a6ad3266-1504-4599-88a6-2f97a300d788,-,Equipment / Maintenance,Med,A reasonable amount of Quimco was found in the water tank of dry cleaning machine No. 3.,[],,In progress
9/10/2026,7b9f0fa6-26fb-449b-9946-632d8c6a57a8,adcd82c2-ddbf-4189-841c-0221ab669922,-,Equipment / Maintenance,High,"I was checking the temperature of the heat seals and making sure they were sealing properly, but everything seems to be working fine. I don’t understand why there are still some garments without barcodes.",[],,In progress